Swiss-Prot_ID	DeepPhase_score
A0A024RBG1	0.5487024
A0A087WUL8	0.665336
A0A087WVF3	0.9678104
A0A087WXS9	0.9678104
A0A087X179	0.9678104
A0A087X1G2	0.9678104
A0A096LP01	0.13956493
A0A0B4J2D5	0.4805526
A0A0U1RQE8	0.8099746
A0A140G945	0.36155662
A0A1B0GTU1	0.5712367
A0A1B0GUS4	0.28074387
A0AUZ9	0.84067416
A0AV02	0.42937532
A0AV96	0.5817627
A0AVF1	0.4857694
A0AVI4	0.7005029
A0AVK6	0.42011848
A0AVT1	0.16628644
A0FGR8	0.46503696
A0JLT2	0.99732274
A0JNW5	0.5979292
A0MZ66	0.553397
A0PJE2	0.55554146
A0PJW6	0.543306
A0PJW8	0.7216691
A0PJX4	0.99829906
A0PJX8	0.2479223
A0PJY2	0.26799768
A0PJZ3	0.3167389
A0PK00	0.5353332
A1A4F0	0.99565166
A1A4G5	0.68842524
A1A4S6	0.53354
A1A4V9	0.5773506
A1A5B4	0.45424935
A1A5C7	0.72512555
A1A5D9	0.2918148
A1E959	0.441902
A1IGU5	0.45961198
A1KZ92	0.33433855
A1L020	0.41238886
A1L0T0	0.68050855
A1L157	0.49286246
A1L162	0.99580944
A1L167	0.38625
A1L170	0.6450266
A1L188	0.34884462
A1L190	0.90858006
A1L1A6	0.23989731
A1L390	0.55195045
A1L4H1	0.47313496
A1X283	0.69178665
A1XBS5	0.5726116
A1Z1Q3	0.91095346
A2A288	0.721629
A2A2V5	0.9596228
A2A2Y4	0.73949814
A2A2Z9	0.994622
A2A3K4	0.39787853
A2A3L6	0.33467394
A2AJT9	0.44961306
A2PYH4	0.99894243
A2RRD8	0.93655294
A2RRH5	0.6307901
A2RRP1	0.76810026
A2RTX5	0.38620034
A2RU14	0.28183064
A2RU49	0.9184654
A2RU67	0.41594157
A2RUB1	0.6450334
A2RUB6	0.42408165
A2RUC4	0.93718886
A2RUR9	0.4271033
A2RUS2	0.44639668
A2VDJ0	0.8490881
A3KMH1	0.7332754
A3KN83	0.7349827
A4D0S4	0.24185681
A4D0V7	0.51751554
A4D126	0.85295796
A4D161	0.2665125
A4D1B5	0.74495095
A4D1U4	0.76894224
A4FU01	0.61574566
A4FU49	0.40569794
A4IF30	0.9937495
A4QPB2	0.4438956
A4UGR9	0.24035223
A5D8V6	0.6120691
A5D8V7	0.32585612
A5PKW4	0.4840413
A5PL33	0.35311684
A5PLL1	0.41807908
A5PLL7	0.25501812
A5PLN7	0.7549664
A5PLN9	0.42611516
A5YKK6	0.33069113
A6NC05	0.520019
A6NC86	0.75981945
A6NC98	0.8739542
A6NCJ1	0.2272827
A6NCL7	0.4546232
A6NCS6	0.43872073
A6ND36	0.89134556
A6NDB9	0.89167684
A6NDE8	0.4358411
A6NDG6	0.9823413
A6NDS4	0.9678104
A6NDU8	0.29788235
A6NDV4	0.9932642
A6NED2	0.3613724
A6NEL2	0.955271
A6NEQ2	0.9986739
A6NER0	0.9678104
A6NER3	0.4358411
A6NES4	0.23486917
A6NFN3	0.39047307
A6NFQ2	0.41107216
A6NFT4	0.9979686
A6NFU0	0.6607374
A6NFY4	0.36595923
A6NFY7	0.41778132
A6NGB9	0.27663195
A6NGC4	0.96640533
A6NGD5	0.88272935
A6NGK3	0.4358411
A6NGN9	0.36656114
A6NGR9	0.4725887
A6NGS2	0.32198185
A6NH11	0.9478997
A6NH52	0.5970355
A6NHC0	0.5517592
A6NHJ4	0.9916276
A6NHN6	0.43900833
A6NHQ2	0.99988556
A6NHQ4	0.5940128
A6NHR9	0.824419
A6NHT5	0.3473491
A6NI28	0.9917917
A6NI79	0.35229412
A6NIK2	0.96866894
A6NJ64	0.43900833
A6NJ69	0.93671054
A6NJ78	0.66599196
A6NJB7	0.8926799
A6NJL1	0.88272935
A6NJT0	0.49971336
A6NJU9	0.43900833
A6NJV1	0.90661025
A6NJZ7	0.5400858
A6NK44	0.41460097
A6NK53	0.7205011
A6NK58	0.8391117
A6NK89	0.9841876
A6NKB5	0.5399524
A6NKD9	0.37683737
A6NKF1	0.34688136
A6NKG5	0.46723914
A6NKL6	0.3551301
A6NKN8	0.25536475
A6NKQ9	0.2891708
A6NKT7	0.60582197
A6NLC5	0.52298164
A6NLP5	0.802512
A6NLU0	0.5276553
A6NM11	0.9313535
A6NML5	0.59613264
A6NMS7	0.9313535
A6NN90	0.9909808
A6NNA2	0.98606664
A6NNA5	0.6522726
A6NNL5	0.9993957
A6NNM3	0.5400858
A6NNX1	0.26785842
A6NNY8	0.55406183
A6PVS8	0.77248544
A6QL63	0.31393328
A6QL64	0.56174916
A6XGL0	0.829598
A7E2F4	0.51014525
A7E2U8	0.9912838
A7E2V4	0.30778614
A7KAX9	0.999961
A7MBM2	0.86013705
A7MCY6	0.53154325
A7XYQ1	0.41365588
A8CG34	0.45204225
A8K0R7	0.62382805
A8K0Z3	0.9195412
A8K855	0.99856865
A8K8V0	0.30320892
A8K979	0.689372
A8MPS7	0.5703606
A8MPX8	0.398266
A8MQ03	0.99797696
A8MQ14	0.36506042
A8MQ27	0.60586244
A8MQT2	0.51014525
A8MRT5	0.43900833
A8MT33	0.44938645
A8MTB9	0.3962963
A8MTT3	0.28088108
A8MU93	0.16768543
A8MUV8	0.23498444
A8MV24	0.19814777
A8MV65	0.9750334
A8MVS5	0.792946
A8MVX0	0.6058138
A8MW92	0.74048156
A8MWY0	0.43350598
A8MXK1	0.63504964
A8MXV4	0.5345212
A8MYU2	0.2200307
A8MZ36	0.45127147
A8MZ59	0.7292222
A8MZ97	0.8116749
A9UHW6	0.9960544
B1AH88	0.5971869
B1AK53	0.8399287
B1AL88	0.41836026
B1APH4	0.5784187
B2CW77	0.3801737
B2RD01	0.6052863
B2RTY4	0.4979367
B2RXF0	0.5593655
B2RXF5	0.39193642
B4DU55	0.16110381
B4DX44	0.23498444
B5MCN3	0.3923489
B5ME19	0.2822505
B7U540	0.47836262
B7Z6K7	0.45964795
B7ZAP0	0.8990932
B7ZAQ6	0.39235845
B9A6J9	0.9678104
C9J069	0.28769103
C9J202	0.71679
C9J6K1	0.51519746
C9J798	0.96253157
C9J7I0	0.50547934
C9JBD0	0.30149746
C9JCN9	0.24761295
C9JFL3	0.9383935
C9JG80	0.43900833
C9JH25	0.54818004
C9JLR9	0.37172365
C9JLW8	0.22413832
C9JN71	0.72181964
C9JRZ8	0.76713634
D6RGH6	0.9662426
E0CX11	0.2088733
E5RHQ5	0.43900833
E5RJM6	0.38424113
E5RQL4	0.8597159
E7ETH6	0.45964795
E7EU14	0.25146806
E7EW31	0.52342516
E9PAV3	0.27897334
E9PIF3	0.43900833
E9PJ23	0.43900833
E9PJI5	0.43900833
E9PKD4	0.43900833
E9PQ53	0.58598083
E9PQR5	0.43900833
F5GYI3	0.99947315
F5H4B4	0.6012401
F8VTS6	0.5276553
F8W1W9	0.43900833
F8WFD2	0.43900833
H0Y354	0.9904971
H0YL14	0.4314824
H3BMG3	0.9068535
H3BPM6	0.58297807
H3BQB6	0.29910088
H3BRN8	0.45458186
H3BS89	0.9622073
H3BV60	0.8333691
H7C350	0.9925511
K7EJ46	0.29580602
L0R6Q1	0.43097997
L0R8F8	0.38336495
O00116	0.99988866
O00124	0.36819437
O00139	0.94533163
O00141	0.99643624
O00148	0.9998801
O00151	0.3729997
O00154	0.6667928
O00159	0.74512124
O00161	0.76402277
O00165	0.5729565
O00167	0.41798744
O00168	0.69122785
O00170	0.41501293
O00178	0.98643005
O00180	0.34430915
O00182	0.475717
O00186	0.30531472
O00187	0.92609406
O00192	0.5201085
O00193	0.23207779
O00194	0.95581836
O00203	0.67792463
O00204	0.809657
O00206	0.33799067
O00213	0.50355667
O00214	0.28766108
O00217	0.47565803
O00219	0.12528811
O00220	0.31385988
O00221	0.9539963
O00231	0.61191434
O00232	0.6728684
O00233	0.44570762
O00241	0.92421764
O00244	0.2927433
O00255	0.4746463
O00257	0.49216235
O00264	0.99958366
O00267	0.4187391
O00268	0.9773476
O00273	0.5381989
O00287	0.993978
O00291	0.48110205
O00299	0.39002466
O00303	0.9991524
O00311	0.29459992
O00327	0.7797829
O00329	0.905224
O00330	0.71721894
O00391	0.8294392
O00399	0.59512186
O00400	0.30297375
O00401	0.55849
O00408	0.43639582
O00409	0.37952894
O00410	0.3073219
O00411	0.54704237
O00418	0.54347616
O00422	0.6022671
O00425	0.86010575
O00429	0.3169888
O00442	0.4321903
O00443	0.3868816
O00444	0.33908382
O00451	0.48680216
O00458	0.33074874
O00459	0.9675491
O00461	0.8611043
O00462	0.6760482
O00463	0.61849827
O00468	0.41312113
O00469	0.6481136
O00470	0.72978115
O00472	0.58802927
O00479	0.2960094
O00481	0.83442074
O00482	0.9984688
O00483	0.4275638
O00487	0.5324358
O00488	0.9998084
O00499	0.48683465
O00505	0.36696798
O00507	0.8643837
O00512	0.9999994
O00515	0.49631536
O00519	0.50757784
O00522	0.73467004
O00534	0.53411686
O00541	1.0
O00548	0.5840466
O00555	0.12624092
O00559	0.999972
O00560	0.44249806
O00562	0.60884297
O00566	0.9999988
O00567	0.9941042
O00571	0.7683292
O00587	0.43449455
O00590	0.56870234
O00592	0.99548066
O00625	0.48495024
O00628	0.75011206
O00629	0.5705853
O00631	0.18754694
O00635	0.47047475
O00712	0.95650935
O00716	0.99778
O00744	0.5015579
O00746	0.4367437
O00748	0.4465151
O00750	0.13498928
O00754	0.8292093
O00757	0.3218376
O00762	0.531171
O00764	0.70893484
O00767	0.48108622
O14493	0.4508039
O14494	0.42245185
O14495	0.5615671
O14497	0.58544326
O14498	0.41846836
O14503	0.97607714
O14508	0.85850716
O14511	0.73937756
O14512	0.41695026
O14513	0.97879285
O14519	0.38854367
O14523	0.5771092
O14524	0.97601205
O14525	0.81674016
O14526	0.5359738
O14530	0.34908423
O14531	0.9978725
O14543	0.34530637
O14544	0.9443266
O14545	0.35066918
O14548	0.61678404
O14556	0.41326904
O14559	0.371871
O14561	0.3856829
O14562	0.42288393
O14578	0.3661323
O14579	0.72247744
O14593	0.7010249
O14594	0.9937397
O14595	0.22718751
O14602	0.5186547
O14607	0.88629776
O14613	0.3759746
O14617	0.18021457
O14628	0.7169763
O14639	0.46584284
O14641	0.52799594
O14646	0.7958253
O14647	0.90731597
O14653	0.4638434
O14656	0.4928913
O14657	0.9999726
O14662	0.9379291
O14668	0.75056523
O14669	0.90078086
O14672	0.9965082
O14681	0.59400177
O14682	0.9668939
O14683	0.97624755
O14684	0.37006453
O14686	0.57839036
O14709	0.34300178
O14713	0.94520175
O14715	0.60582197
O14717	0.9969133
O14727	0.37641296
O14730	0.87451285
O14732	0.89137036
O14733	0.5486966
O14734	0.7758198
O14735	0.50849754
O14737	0.3115293
O14744	0.43858394
O14745	0.87331456
O14746	0.99658513
O14753	0.8583316
O14756	0.88688314
O14757	0.8598888
O14764	0.7861461
O14770	0.65697956
O14771	0.8619296
O14772	0.90962714
O14775	0.86767507
O14776	0.56048614
O14777	0.5218334
O14782	0.999851
O14786	0.5049822
O14787	0.87737703
O14792	0.4659558
O14795	0.79321784
O14802	0.8662486
O14810	0.98521614
O14813	0.42312127
O14827	0.3666883
O14828	0.99300027
O14829	0.526307
O14841	0.77830124
O14862	0.5435692
O14867	0.36176047
O14874	0.5363402
O14879	0.53372854
O14880	0.46212086
O14893	0.6214652
O14894	0.5417081
O14896	0.34674662
O14901	0.46508685
O14907	0.70789653
O14908	0.42709184
O14917	0.99346924
O14920	0.7973328
O14924	0.6708982
O14925	0.52358985
O14929	0.4665038
O14933	0.43797514
O14936	0.29909205
O14944	0.5679188
O14948	0.5220714
O14949	0.69293505
O14950	0.78687644
O14964	0.9999989
O14965	0.73930097
O14966	0.9854414
O14967	0.48329636
O14972	0.77898985
O14974	0.55233604
O14976	0.91969764
O14977	0.96913797
O14978	0.8081773
O14979	0.26246184
O14980	0.94928247
O14981	0.97462547
O14983	0.5248924
O14986	0.45026317
O15013	0.75122833
O15014	0.6519498
O15015	0.42941788
O15016	0.73864245
O15018	0.7319497
O15020	0.41596228
O15021	0.78160137
O15027	0.6209668
O15037	0.25594458
O15040	0.44539198
O15041	0.97560877
O15042	0.42333195
O15047	0.56475675
O15049	0.5556658
O15050	0.4638121
O15054	0.9996934
O15056	0.34183645
O15060	0.6778595
O15062	0.9475821
O15063	0.7585526
O15066	0.6795223
O15067	0.6252406
O15069	0.51761496
O15072	0.82562065
O15075	0.28882933
O15078	0.8163518
O15079	0.41668984
O15085	0.5628624
O15090	0.66753256
O15091	0.5027921
O15105	0.52427715
O15111	0.84387416
O15116	0.99538475
O15118	0.44650817
O15119	0.6296454
O15120	0.72732925
O15121	0.439154
O15126	0.80588657
O15127	0.72467995
O15131	0.94716096
O15143	0.83952636
O15144	0.70962393
O15145	0.59014606
O15151	0.2828735
O15156	0.38518053
O15160	0.69373924
O15162	0.49685195
O15164	0.48068637
O15165	0.47632125
O15169	0.9999075
O15173	0.7266567
O15178	0.24120402
O15182	0.47883168
O15194	0.9994185
O15197	0.71766824
O15198	0.44506264
O15205	0.6038011
O15209	0.58887064
O15211	0.17701606
O15212	0.409721
O15226	0.6041337
O15230	0.6398687
O15231	0.989375
O15232	0.7212632
O15234	0.6748077
O15239	0.45650917
O15240	0.9122302
O15243	0.46214813
O15247	0.25859758
O15254	0.7749929
O15258	0.4131903
O15259	0.9607885
O15264	0.8305863
O15265	0.5789338
O15266	0.73941326
O15269	0.43826666
O15270	0.7771163
O15287	0.59839666
O15294	0.38604188
O15296	0.367421
O15297	0.19649516
O15304	0.55175114
O15305	0.54427534
O15315	0.98742837
O15318	0.34246394
O15321	0.8579709
O15327	0.80997884
O15347	0.89011526
O15350	0.8662098
O15354	0.42243102
O15355	0.57998586
O15357	0.5710553
O15360	0.14981759
O15370	0.5650198
O15371	0.42795065
O15372	0.4270439
O15374	0.5450359
O15379	0.381351
O15381	0.98450273
O15391	0.552723
O15392	0.4109821
O15393	0.9565651
O15394	0.60132414
O15397	0.45724347
O15400	0.47065708
O15403	0.99761224
O15405	0.48887905
O15409	0.69807416
O15417	0.5006437
O15427	0.44673198
O15432	0.64752394
O15438	0.30733663
O15440	0.3915281
O15446	0.99844104
O15460	0.85155404
O15466	0.3712907
O15479	0.5307626
O15488	0.5845317
O15492	0.48028544
O15498	0.6134454
O15503	0.9695052
O15504	0.348191
O15511	0.7685023
O15514	0.98253137
O15516	0.9970951
O15519	0.9434977
O15522	0.5627237
O15523	0.7683292
O15524	0.65144765
O15527	0.6060876
O15530	0.98029757
O15534	0.6154889
O15535	0.51253456
O15539	0.9817007
O15541	0.16313572
O15547	0.9534558
O15550	0.88629776
O15551	0.5657735
O43143	0.8799821
O43147	0.39791143
O43148	0.6657683
O43149	0.52749574
O43150	0.2828265
O43151	0.85976565
O43156	0.9527741
O43159	0.98039734
O43164	0.85706145
O43166	0.47302088
O43167	0.5024977
O43169	0.5614341
O43172	0.5659228
O43173	0.56164736
O43175	0.49110076
O43181	0.61691177
O43184	0.57684237
O43187	0.9999924
O43189	0.4548726
O43196	0.9999757
O43236	0.41887975
O43237	0.5367835
O43240	0.857329
O43242	0.46510872
O43248	0.75505763
O43251	0.5816383
O43252	0.99999344
O43255	0.8610916
O43257	0.13616718
O43264	0.25633
O43278	0.9308409
O43281	0.44699678
O43283	0.5136247
O43290	0.9998747
O43291	0.66836107
O43293	0.40639716
O43294	0.47635815
O43295	0.98487604
O43298	0.9769444
O43299	0.80484444
O43301	0.37905928
O43303	0.61304957
O43304	0.7766832
O43306	0.9780316
O43307	0.1697042
O43309	0.8965097
O43310	0.42538726
O43313	0.67026067
O43314	0.9208812
O43318	0.9280371
O43324	0.30246195
O43325	0.5071708
O43347	0.5634139
O43353	0.52728564
O43361	0.5864832
O43364	0.43381009
O43365	0.5151799
O43374	0.96253157
O43379	0.45743322
O43390	0.6918209
O43395	0.5024079
O43396	0.45546615
O43399	0.87039655
O43402	0.3602092
O43405	0.92022496
O43414	0.51456225
O43422	0.67727965
O43426	0.8544546
O43427	0.7560954
O43432	0.23451993
O43435	0.9402686
O43439	0.61825514
O43448	0.36441585
O43462	0.9823668
O43464	0.47792873
O43474	0.53579646
O43482	0.7216768
O43488	0.32749748
O43491	0.89765733
O43493	0.9966804
O43502	0.5571417
O43504	0.8123513
O43513	0.8968119
O43516	0.60925305
O43524	0.52011913
O43526	0.9739808
O43529	0.31305844
O43541	0.9096806
O43542	0.7290991
O43543	0.9995759
O43556	0.8235136
O43559	0.5348155
O43561	0.54126227
O43566	0.5183531
O43567	0.98704463
O43570	0.383652
O43572	0.69085515
O43583	0.28750634
O43592	0.44528785
O43593	0.6951553
O43597	0.38426423
O43598	0.5255694
O43602	0.41107774
O43609	0.83920974
O43610	0.3860502
O43615	0.8346793
O43617	0.4232223
O43623	0.6786005
O43633	0.951013
O43638	0.32594892
O43653	0.57910526
O43657	0.4218135
O43660	0.5710227
O43665	0.60528255
O43670	0.8225225
O43674	0.48662448
O43677	0.3954341
O43679	0.65586144
O43681	0.4399924
O43683	0.78809905
O43684	0.46156847
O43688	0.45248857
O43692	0.5073297
O43704	0.9722214
O43707	0.99725133
O43708	0.58472717
O43709	0.48923996
O43711	0.38640398
O43715	0.51044667
O43719	0.7753506
O43731	0.6020069
O43734	0.8587046
O43736	0.44859192
O43739	0.35480297
O43741	0.9121884
O43747	0.9285489
O43752	0.7802117
O43759	0.33576837
O43760	0.44036704
O43761	0.49605304
O43763	0.2343737
O43765	0.45952034
O43766	0.7840889
O43768	0.9426091
O43772	0.30923653
O43776	0.23541881
O43781	0.47888988
O43790	0.3494665
O43795	0.32800728
O43808	0.92000484
O43809	0.98196167
O43813	0.9550067
O43815	0.25190973
O43818	0.88508266
O43819	0.4148547
O43822	0.41974664
O43823	0.79063547
O43824	0.33447513
O43829	0.46758893
O43837	0.83572835
O43847	0.99856037
O43852	0.91626793
O43865	0.3120564
O43889	0.5799042
O43897	0.9966832
O43900	0.42065147
O43903	0.43584126
O43913	0.4210384
O43921	0.37554893
O43929	0.9974021
O43933	0.47425675
O43934	0.864229
O60216	0.47168213
O60218	0.76713634
O60220	0.42069715
O60225	0.9616916
O60229	0.686642
O60231	0.28636515
O60232	0.15271936
O60234	0.9038267
O60237	0.5243778
O60238	0.9703573
O60239	0.99994326
O60240	0.9944344
O60241	0.8133784
O60243	0.31366798
O60244	0.36740237
O60245	0.43641156
O60248	0.77807206
O60256	0.49759075
O60259	0.97186375
O60260	0.98795646
O60264	0.99989164
O60268	0.77923095
O60269	0.4093997
O60271	0.45831636
O60279	0.44333193
O60281	0.7802796
O60282	0.83323014
O60285	0.8105924
O60287	0.9979017
O60290	0.48294613
O60292	0.99103874
O60293	0.8414984
O60294	0.99986887
O60296	0.9934835
O60299	0.8147591
O60303	0.4717599
O60304	0.45658952
O60306	0.34748286
O60307	0.97147727
O60309	0.9313535
O60313	0.71730906
O60315	0.9999316
O60318	0.54958695
O60320	0.78148437
O60330	0.73595655
O60331	0.711252
O60333	0.5064648
O60336	0.9997944
O60337	0.35474792
O60341	0.6659409
O60343	0.29640907
O60347	0.8430187
O60353	0.5553005
O60356	0.39517474
O60381	0.93776405
O60422	0.6543563
O60437	0.45592928
O60443	0.87350553
O60447	0.9988605
O60462	0.95019734
O60469	0.36556506
O60476	0.85046947
O60477	0.38509354
O60481	0.40029174
O60486	0.40213352
O60487	0.7573844
O60488	0.9447238
O60499	0.3740895
O60502	0.09905128
O60503	0.4665639
O60504	0.5078492
O60506	0.6377813
O60507	0.72700036
O60508	0.5626814
O60512	0.6206786
O60513	0.5286059
O60518	0.9470411
O60519	0.36457083
O60524	0.91376764
O60551	0.60758907
O60563	0.3683777
O60566	0.3436654
O60573	0.34643623
O60575	0.9999964
O60583	0.48644942
O60602	0.60154873
O60603	0.40918422
O60609	0.54134953
O60610	0.27789396
O60613	0.96653295
O60635	0.9987563
O60636	0.51873994
O60637	0.4274727
O60641	0.20792744
O60645	0.5585402
O60658	0.87257826
O60662	0.72106206
O60663	0.6256242
O60664	0.99982834
O60667	0.48316815
O60669	0.8979902
O60671	0.9957092
O60673	0.75603014
O60674	0.26794416
O60675	0.5047119
O60682	0.47303656
O60683	0.34314907
O60684	0.42897177
O60687	0.08368748
O60701	0.74205315
O60706	0.33295444
O60711	0.55309886
O60716	0.5152805
O60721	0.20063974
O60729	0.13911584
O60732	0.47739547
O60733	0.9855393
O60749	0.999671
O60759	0.3701433
O60763	0.91550964
O60765	0.5160784
O60779	0.4413739
O60783	0.6974925
O60784	0.5764351
O60806	0.98021275
O60814	0.42683145
O60825	0.44099998
O60826	0.9522293
O60828	0.8781992
O60829	0.9462169
O60830	0.36792105
O60831	0.5555502
O60832	0.9995691
O60841	0.37478793
O60861	0.41953415
O60869	0.48649657
O60870	0.7786442
O60879	0.9845931
O60884	0.42627934
O60885	0.5433214
O60888	0.38276908
O60890	0.5683602
O60894	0.5295626
O60895	0.29796794
O60906	0.7903974
O60907	0.5239495
O60909	0.358964
O60911	0.9384845
O60925	0.5278682
O60927	0.9803027
O60931	0.8828742
O60934	0.90961087
O60936	0.06842986
O60941	0.39594316
O60942	0.78206694
O75027	0.33676714
O75031	0.39590538
O75044	0.53157747
O75052	0.9689822
O75054	0.35528266
O75056	0.44705528
O75061	0.66610897
O75063	0.8647406
O75064	0.44194576
O75071	0.6773566
O75081	0.5859965
O75083	0.6470901
O75084	0.300653
O75093	0.31470892
O75094	0.44579545
O75095	0.37223318
O75096	0.8404818
O75112	0.5308504
O75113	0.8767394
O75116	0.23835059
O75122	0.47063798
O75123	0.52444535
O75127	0.3764608
O75128	0.15565413
O75129	0.40456668
O75131	0.42562988
O75132	0.20406136
O75140	0.8290428
O75143	0.37569055
O75144	0.9869948
O75145	0.42934906
O75146	0.92025334
O75147	0.72253525
O75150	0.46842337
O75152	0.5712367
O75153	0.71802896
O75154	0.5026511
O75155	0.9686319
O75157	0.45255616
O75159	0.6442136
O75164	0.9999951
O75165	0.39359167
O75170	0.9753718
O75173	0.99506193
O75175	0.7796557
O75177	0.46679443
O75179	0.6524848
O75182	0.34570342
O75185	0.23838098
O75190	0.55112344
O75191	0.99280024
O75200	0.43900833
O75208	0.45771846
O75264	0.5582205
O75290	0.41966525
O75293	0.46404067
O75298	0.97871333
O75306	0.3778158
O75312	0.73537666
O75319	0.82874787
O75323	0.55713207
O75324	0.8877295
O75325	0.3848771
O75326	0.4758538
O75330	0.58758485
O75340	0.46358165
O75342	0.456166
O75347	0.47216612
O75348	0.47769168
O75351	0.94462806
O75352	0.40962264
O75354	0.53067917
O75355	0.31234774
O75356	0.7139413
O75362	0.8743815
O75363	0.93188876
O75367	0.5303466
O75368	0.67024845
O75369	0.49539146
O75376	0.9725328
O75379	0.7145214
O75381	0.9820915
O75382	0.38029113
O75385	0.57866293
O75386	0.31481123
O75387	0.94966924
O75390	0.58627945
O75391	0.6853963
O75398	0.56240267
O75400	0.99977845
O75414	0.99792564
O75417	0.63549954
O75419	0.67640233
O75420	0.9650696
O75425	0.43624586
O75427	0.7635634
O75431	0.5090889
O75436	0.9998578
O75438	0.5706826
O75439	0.8990544
O75446	0.275926
O75449	0.8575225
O75459	0.96937513
O75461	0.39804858
O75467	0.9988018
O75469	0.6014639
O75474	0.19402148
O75475	0.48058635
O75477	0.62124
O75486	0.56260663
O75487	0.9999995
O75489	0.34308776
O75493	0.41338718
O75494	0.545922
O75496	0.6036749
O75521	0.9253728
O75525	0.7850532
O75528	0.45926216
O75529	0.98271286
O75530	0.44369754
O75531	0.38384473
O75533	0.73996574
O75534	0.5309481
O75541	0.52966464
O75553	0.883155
O75554	0.9140483
O75558	0.6149249
O75563	0.64961505
O75564	0.6228431
O75569	0.50230515
O75575	0.7017868
O75586	0.76170886
O75592	0.45756966
O75600	0.69161767
O75604	0.7785108
O75607	0.6158447
O75608	0.556653
O75616	0.46424437
O75618	0.41225752
O75626	0.99973685
O75629	0.35955662
O75631	0.5364183
O75635	0.28616524
O75643	0.32941273
O75648	0.51835525
O75663	0.90428776
O75665	0.39369574
O75677	0.55486387
O75678	0.55486387
O75679	0.55486387
O75683	1.0
O75688	0.6716483
O75689	0.6681267
O75691	0.618769
O75694	0.6141066
O75695	0.65127784
O75712	0.78120303
O75716	0.39566675
O75717	0.5653997
O75718	0.7628821
O75746	0.96326274
O75751	0.9755382
O75752	0.5024845
O75764	0.45265427
O75781	0.85627747
O75783	0.7462749
O75792	0.2706557
O75794	0.4587042
O75800	0.4637278
O75807	0.9847365
O75808	0.44360796
O75815	0.42093775
O75817	0.9960328
O75818	0.70781004
O75820	0.62356305
O75821	0.52292985
O75822	0.4457338
O75828	0.3746964
O75832	0.52470666
O75840	0.60271937
O75844	0.9310674
O75845	0.5003852
O75864	0.19402021
O75874	0.7671469
O75879	0.55009323
O75882	0.44556013
O75884	0.3041839
O75886	0.99276465
O75891	0.22683096
O75896	0.77042687
O75897	0.36029297
O75907	0.9951507
O75909	0.42062312
O75911	0.56331474
O75912	0.253544
O75914	0.45855725
O75915	0.34189087
O75916	0.53590196
O75923	0.5405859
O75925	0.41780806
O75928	0.2805309
O75934	0.9286703
O75935	0.4407715
O75937	0.31427902
O75940	0.7388935
O75943	0.57381016
O75947	0.4451247
O75952	0.22003357
O75953	0.5116595
O75954	0.5612243
O75955	0.991384
O75956	0.5627043
O75962	0.9999304
O75964	0.4786179
O75971	0.4123022
O75976	0.6398516
O75995	0.123572744
O76011	0.72242945
O76021	0.94774234
O76027	0.51147157
O76031	0.838306
O76036	0.52061224
O76039	0.8420693
O76054	0.4905426
O76061	0.42553684
O76062	0.530512
O76064	0.3503115
O76071	0.2830069
O76074	0.229312
O76075	0.7419975
O76080	0.595183
O76082	0.351319
O76083	0.9992576
O76095	0.9861858
O77932	0.5372222
O94759	0.5626884
O94760	0.8998626
O94761	0.2844241
O94762	0.41135022
O94763	0.35997012
O94768	0.7546928
O94776	0.52145195
O94779	0.5796685
O94782	0.18368673
O94805	0.9290767
O94806	0.8687848
O94808	0.99900997
O94811	0.37502626
O94818	0.46482018
O94819	0.5265147
O94822	0.72441995
O94826	0.6937004
O94827	0.26294643
O94830	0.43783057
O94832	0.41514587
O94842	0.9149631
O94844	0.7042032
O94850	0.18712397
O94851	0.4486544
O94855	0.53286064
O94864	0.3287548
O94868	0.6020867
O94874	0.33665305
O94875	0.36971635
O94880	0.8251804
O94885	0.48468533
O94886	0.49409056
O94887	0.38895223
O94888	0.4843456
O94889	0.64166504
O94892	0.60795313
O94898	0.71437365
O94900	0.7953819
O94901	0.9785735
O94903	0.32083893
O94905	0.53803194
O94906	0.5436052
O94911	0.4124048
O94913	0.41176742
O94915	0.52929175
O94916	0.5186774
O94919	0.48714387
O94921	0.6714185
O94925	0.41403273
O94929	0.49954253
O94933	0.8070599
O94941	0.56699264
O94952	0.4364894
O94953	0.72696936
O94955	0.81420183
O94964	0.95266914
O94967	0.24741448
O94973	0.9456269
O94979	0.9992557
O94983	0.39944947
O94986	0.76649797
O94988	0.93412125
O94989	0.3163688
O94991	0.8531387
O94992	0.87248033
O95025	0.50806534
O95045	0.87280214
O95049	0.98829657
O95050	0.92850006
O95059	0.4726071
O95067	0.51090354
O95070	0.5488061
O95071	0.3641539
O95072	0.42350134
O95073	0.42874286
O95104	0.60056466
O95136	0.8738726
O95139	0.49776757
O95147	0.3708469
O95149	0.5249455
O95150	0.3506767
O95154	0.12931758
O95159	0.9594697
O95163	0.28333107
O95164	0.48467347
O95166	0.9917931
O95168	0.4049007
O95169	0.90720785
O95170	0.9982792
O95171	0.35400873
O95180	0.26008004
O95182	0.40004823
O95190	0.3621438
O95196	0.8020717
O95197	0.2850018
O95198	0.99902666
O95199	0.39664608
O95201	0.4200532
O95202	0.9028272
O95206	0.5596742
O95208	0.8309799
O95210	0.44620427
O95218	0.45933822
O95229	0.70623744
O95231	0.9690862
O95232	0.8143146
O95235	0.7943774
O95236	0.84064054
O95237	0.62634236
O95238	0.54249954
O95239	0.7038396
O95243	0.9998869
O95248	0.8300217
O95251	0.40086943
O95255	0.31974658
O95257	0.4923337
O95258	0.4572345
O95259	0.857956
O95260	0.5516702
O95263	0.33483025
O95267	0.32209113
O95271	0.6820725
O95273	0.74220973
O95274	0.7465595
O95278	0.20560078
O95279	0.40848783
O95292	0.6791507
O95294	0.3571052
O95295	0.855842
O95297	0.8798742
O95298	0.58598083
O95299	0.9069638
O95302	0.8521062
O95319	0.9885992
O95336	0.85468626
O95340	0.97080594
O95342	0.79622424
O95343	0.36662018
O95347	0.7908602
O95352	0.98802096
O95359	0.46538442
O95361	0.32086295
O95363	0.4948901
O95365	0.49315384
O95372	0.556653
O95373	0.3532737
O95376	0.49763358
O95379	0.48274824
O95382	0.4255824
O95388	0.7904613
O95389	0.35102585
O95390	0.8971887
O95391	0.99261945
O95394	0.42785928
O95395	0.75915885
O95398	0.364366
O95400	0.64157516
O95402	0.99997854
O95405	0.9682625
O95406	0.56517124
O95409	0.7637206
O95424	0.9993998
O95425	0.54653007
O95427	0.37158814
O95428	0.35602197
O95433	0.70738137
O95445	0.461316
O95447	0.19310856
O95450	0.30745652
O95452	0.84364283
O95453	0.9785033
O95455	0.75909007
O95456	0.48785084
O95466	0.4556089
O95467	0.6823556
O95470	0.3145888
O95471	0.99998677
O95473	0.43330237
O95475	0.3752497
O95476	0.9999441
O95477	0.3962373
O95478	0.6286297
O95479	0.3870641
O95484	0.85930467
O95486	0.9920415
O95487	0.84496593
O95490	0.36328003
O95500	0.99702054
O95502	0.4399419
O95503	0.48487264
O95522	0.40235198
O95528	0.7203852
O95544	0.46619073
O95551	0.9993437
O95568	0.5708316
O95571	0.558473
O95573	0.99525213
O95600	0.54316014
O95602	0.9280076
O95613	0.9195526
O95619	0.29627284
O95620	0.52565455
O95622	0.43131712
O95625	0.7856079
O95626	0.5431792
O95630	0.30822298
O95633	0.4718395
O95639	0.3577077
O95644	0.8671927
O95661	0.55041736
O95671	0.42036688
O95672	0.8469088
O95674	0.23949961
O95677	0.49101833
O95678	0.36977246
O95684	0.8245697
O95685	0.7726036
O95696	0.9992644
O95704	0.77101934
O95714	0.6812569
O95716	0.5457741
O95721	0.35918686
O95747	0.46396357
O95751	0.847232
O95754	0.3585509
O95755	0.99997294
O95757	0.42697635
O95758	0.36186123
O95759	0.9569338
O95772	0.6723191
O95777	0.8595305
O95780	0.9984769
O95782	0.94313896
O95785	0.44949526
O95786	0.91834664
O95789	0.6396775
O95793	0.39562026
O95807	0.3075893
O95810	0.61164623
O95816	0.40969005
O95817	0.54945344
O95825	0.26188844
O95833	0.9999896
O95834	0.9092672
O95835	0.99289894
O95838	0.31132963
O95843	0.5456301
O95847	0.4960176
O95848	0.25821427
O95857	0.31120718
O95858	0.38233975
O95859	0.88322705
O95861	0.95109636
O95863	0.66103244
O95865	0.3549436
O95866	0.39762723
O95872	0.36039305
O95873	0.32308033
O95876	0.4349742
O95897	0.26213348
O95900	0.6468261
O95905	0.49540386
O95907	0.84093505
O95922	0.9989176
O95926	0.65377074
O95931	0.87810975
O95947	0.5326884
O95948	0.34498504
O95954	0.3612006
O95977	0.75507987
O95980	0.43237653
O95983	0.45253506
O95985	0.9997454
O95988	0.40832686
O95989	0.5487025
O95990	0.9412952
O95994	0.5045929
O95995	0.36154065
O95996	0.5814243
O95997	0.43761587
O95998	0.4299342
O95999	0.45321006
O96001	0.20788267
O96004	0.6022317
O96005	0.7485762
O96007	0.42329517
O96008	0.45671955
O96013	0.3704254
O96014	0.37497503
O96015	0.86255336
O96017	0.9876102
O96018	0.4021618
O96019	0.47415608
O96028	0.39349812
P00156	0.43038198
P00167	0.9960865
P00325	0.38958275
P00326	0.38958275
P00338	0.5030642
P00352	0.3157103
P00367	0.5866714
P00374	0.72113454
P00387	0.87383765
P00390	0.2075107
P00395	0.9652915
P00414	0.37057066
P00439	0.9919362
P00441	0.56718403
P00480	0.6171116
P00491	0.4586448
P00492	0.8204883
P00519	0.5144271
P00533	0.5529584
P00568	0.44560185
P00736	0.6095262
P00738	0.8610287
P00739	0.8610287
P00746	0.3404302
P00747	0.39697275
P00750	0.4345972
P00751	0.52948266
P00813	0.9137229
P00966	0.45441902
P00973	0.5303077
P01009	0.99674785
P01033	0.58497703
P01034	0.9992563
P01040	0.39479086
P01100	0.61484075
P01106	0.47474214
P01127	0.9999888
P01135	0.9857011
P01229	0.20088795
P01236	0.33119568
P01275	0.9074522
P01282	0.24659748
P01303	0.96180487
P01344	0.910403
P01730	0.46543893
P02042	0.9449787
P02100	0.9449787
P02452	0.7354436
P02458	0.56248945
P02462	0.8032835
P02489	0.36155662
P02511	0.56142396
P02533	0.5783134
P02538	0.5437857
P02585	0.35080394
P02647	0.95148915
P02649	0.94068885
P02656	0.24312489
P02675	0.42524546
P02686	0.5330257
P02708	0.4732042
P02745	0.840545
P02747	0.99903584
P02748	0.4330073
P02749	0.44506994
P02750	0.66795063
P02763	0.9423725
P02765	0.9551646
P02766	0.4469459
P02768	0.93991745
P02771	0.64346594
P02786	0.59932786
P02787	0.6018857
P02792	0.3053064
P02794	0.2558225
P03372	0.62620014
P03897	0.3517372
P03901	0.5220796
P03951	0.9520993
P03956	0.6212683
P03971	0.89007664
P04004	0.60959
P04040	0.9699995
P04049	0.9997341
P04053	0.3530941
P04054	0.34578687
P04075	0.9242909
P04080	0.90649825
P04083	0.59596884
P04085	0.84575635
P04114	0.37660477
P04141	0.595676
P04150	0.49780938
P04156	0.54185754
P04180	0.48495165
P04181	0.47064242
P04196	0.89653146
P04198	0.98278517
P04216	0.5526723
P04233	0.8168155
P04259	0.5437857
P04271	0.99043745
P04350	0.3146819
P04406	0.9999819
P04424	0.28095767
P04439	0.40198144
P04440	0.37590915
P04626	0.74314576
P04629	0.9013608
P04632	0.56712854
P04637	0.4510922
P04732	0.5063159
P04792	0.6355094
P04843	0.3785775
P04844	0.9672888
P04899	0.26780957
P04908	0.45655945
P04920	0.97762877
P04921	0.9727552
P05060	0.89671993
P05067	0.60881674
P05090	0.3609615
P05107	0.47584254
P05109	0.18396649
P05111	0.94088763
P05114	0.38243982
P05121	0.3708683
P05141	0.8678379
P05154	0.36055833
P05162	0.806254
P05164	0.9818718
P05186	0.3301785
P05187	0.37988952
P05198	0.36199936
P05204	0.47308454
P05231	0.4051059
P05305	0.69616026
P05362	0.22468387
P05386	0.5728881
P05387	0.3108903
P05388	0.42603984
P05412	0.49229106
P05413	0.44621745
P05423	0.72602385
P05455	0.7187237
P05546	0.79586697
P05549	0.72402287
P05556	0.5012604
P05771	0.33955756
P05783	0.8521906
P05787	0.3671464
P05937	0.98904604
P06132	0.36154872
P06213	0.8483253
P06239	0.7800101
P06241	0.3163623
P06396	0.18543391
P06400	0.46212837
P06454	0.9312312
P06493	0.537996
P06576	0.9600508
P06702	0.9589889
P06703	0.9144434
P06727	0.360344
P06730	0.9535729
P06731	0.33286718
P06733	0.48981094
P06737	0.88864356
P06744	0.6325925
P06746	0.57531554
P06748	0.9999989
P06753	0.26185337
P06756	0.82690024
P06858	0.8252057
P06899	0.4268314
P07148	0.19616787
P07195	0.7858198
P07196	0.3089333
P07197	0.69374526
P07199	0.9923453
P07203	0.32948962
P07204	0.4787712
P07237	0.884842
P07305	0.8890108
P07306	0.96792465
P07307	0.5244821
P07311	0.30103612
P07320	0.3207818
P07327	0.38958275
P07332	0.47014937
P07333	0.5427203
P07360	0.34986737
P07384	0.5787134
P07437	0.24994124
P07476	0.7353883
P07478	0.73472285
P07550	0.10884607
P07602	0.99999595
P07737	0.206088
P07738	0.99996996
P07741	0.29082057
P07814	0.22827867
P07858	0.99353987
P07900	0.3618615
P07902	0.3767795
P07910	0.42108414
P07947	0.3530949
P07948	0.44611076
P07949	0.38491458
P07954	0.87123287
P07992	0.9279803
P07996	0.6988389
P07998	0.38721362
P08047	0.5691933
P08048	0.37462458
P08069	0.93957084
P08123	0.37991926
P08138	0.48602942
P08151	0.47596765
P08173	0.6691701
P08174	0.89111215
P08183	0.49761733
P08195	0.49959192
P08235	0.2515596
P08236	0.9814098
P08237	0.7335826
P08238	0.97188854
P08243	0.52315694
P08253	0.9959422
P08254	0.9988827
P08263	0.65643615
P08319	0.16061538
P08397	0.9998678
P08559	0.3981336
P08567	0.9988356
P08571	0.96151644
P08572	0.888455
P08574	0.647778
P08579	0.7000468
P08581	0.26636174
P08590	0.5792012
P08603	0.70131636
P08621	0.53654385
P08631	0.511116
P08651	0.55838853
P08670	0.92046326
P08684	0.32359788
P08697	0.38259703
P08708	0.43740144
P08709	0.46719876
P08727	0.34566614
P08754	0.49777088
P08758	0.41497606
P08779	0.5783134
P08833	0.7859573
P08861	0.41607526
P08865	0.35282427
P08910	0.6148961
P08922	0.7316951
P08949	0.65476537
P08962	0.8914345
P09012	0.5281497
P09016	0.8507724
P09017	0.32694432
P09038	0.99850625
P09067	0.9316642
P09086	0.9220403
P09093	0.41607526
P09104	0.48981094
P09105	0.84460783
P09110	0.96011597
P09131	0.4458665
P09172	0.9991202
P09210	0.65643615
P09211	0.49233022
P09234	0.5310403
P09237	0.6300635
P09238	0.41956207
P09326	0.39075246
P09327	0.9970381
P09382	0.8193846
P09417	0.52950996
P09429	0.3463098
P09455	0.531884
P09467	0.39767534
P09488	0.44157153
P09493	0.26185337
P09496	0.51246154
P09497	0.95038325
P09525	0.98731506
P09543	0.7479271
P09544	0.99993324
P09601	0.9181645
P09619	0.38345712
P09622	0.42598984
P09629	0.8916493
P09630	0.49770024
P09651	0.5359949
P09661	0.7798558
P09668	0.87973875
P09669	0.95847297
P09758	0.9104709
P09769	0.43765834
P09871	0.375373
P09874	0.7451457
P09884	0.82121646
P09912	0.57067746
P09913	0.95913947
P09914	0.669553
P09917	0.28184593
P09923	0.37988952
P09936	0.78580827
P09958	0.43234184
P09960	0.6463396
P09972	0.9439128
P0C024	0.60259295
P0C025	0.55702764
P0C0S5	0.49428427
P0C1S8	0.7238505
P0C1Z6	0.2350072
P0C221	0.78501415
P0C264	0.48871756
P0C2L3	0.60620236
P0C2W1	0.45136404
P0C5J1	0.99280566
P0C6A0	0.999944
P0C6C1	0.794945
P0C6S8	0.40319672
P0C7I6	0.5573597
P0C7T5	0.33240756
P0C7U0	0.4455106
P0C7U1	0.5854422
P0C7U3	0.48715985
P0C7X1	0.9678104
P0C7X2	0.335459
P0C851	0.22040187
P0C870	0.93069243
P0C875	0.8216898
P0CAP2	0.3382166
P0CG08	0.39235845
P0CG13	0.4244087
P0CG23	0.9606578
P0CG30	0.52741694
P0CG40	0.61986965
P0CJ78	0.99967504
P0CK96	0.6206974
P0CK97	0.6206974
P0CL80	0.4358411
P0CL81	0.4358411
P0CW19	0.15721041
P0CW24	0.472429
P0DI80	0.5307843
P0DI81	0.9575655
P0DI82	0.9575655
P0DJ07	0.3585998
P0DJ93	0.8290356
P0DJD0	0.60582197
P0DJD1	0.60582197
P0DKX4	0.9991172
P0DL12	0.7019604
P0DM63	0.43900833
P0DME0	0.776898
P0DMU7	0.9999378
P0DMU8	0.9999378
P0DMU9	0.9999378
P0DMV0	0.9999378
P0DMV1	0.9999378
P0DMV2	0.9999378
P0DMV8	0.9998858
P0DMV9	0.9998858
P0DN76	0.4407124
P0DN79	0.999534
P0DN87	0.28917086
P0DP23	0.3616285
P0DP91	0.9086529
P0DPB3	0.8103725
P0DPB5	0.9960141
P0DPD6	0.6730094
P0DPF2	0.665336
P0DPF3	0.665336
P0DPH7	0.29216737
P0DPH8	0.29216737
P0DPI2	0.48055255
P10070	0.56973636
P10072	0.39372393
P10073	0.62568015
P10074	0.36240628
P10075	0.37792227
P10109	0.4412303
P10155	0.36530054
P10242	0.4348115
P10244	0.74826163
P10275	0.5785937
P10276	0.2102356
P10301	0.78999734
P10398	0.99688774
P10412	0.697204
P10415	0.9078461
P10451	0.888924
P10515	0.9602009
P10586	0.6586218
P10589	0.95062256
P10599	0.5477253
P10600	0.8601521
P10606	0.7598087
P10619	0.9946371
P10620	0.44858673
P10635	0.5539876
P10636	0.99996865
P10644	0.5837576
P10645	0.24473165
P10646	0.42631304
P10696	0.37988952
P10721	0.39893275
P10746	0.32778
P10768	0.63675404
P10809	0.7677292
P10826	0.630772
P10827	0.5123781
P10828	0.9993173
P10912	0.49431136
P10914	0.49081182
P10915	0.73922515
P10916	0.29184437
P10966	0.15061328
P11021	0.501564
P11047	0.9746975
P11137	0.7335611
P11142	0.9998858
P11161	0.54088897
P11166	0.8983265
P11168	0.15643644
P11169	0.5277708
P11171	0.49492532
P11172	0.37158582
P11177	0.59776413
P11182	0.545732
P11216	0.33260873
P11229	0.9689464
P11274	0.18970156
P11277	0.9754685
P11308	0.1979115
P11309	0.64239883
P11310	0.7228033
P11362	0.87871546
P11387	0.9996457
P11388	0.9259388
P11413	0.99982893
P11441	0.20726798
P11473	0.48083666
P11474	0.8079694
P11498	0.5257326
P11511	0.48633507
P11586	0.6322279
P11717	0.85713404
P11801	0.42109516
P11802	0.9169438
P11831	0.38386893
P11836	0.4394032
P11908	0.4960141
P11926	0.7023627
P11940	0.98062474
P12004	0.55067205
P12034	0.9913833
P12036	0.929212
P12074	0.9518733
P12081	0.1646582
P12104	0.6246294
P12107	0.5725092
P12109	0.45695573
P12110	0.7754636
P12235	0.8678379
P12236	0.86783785
P12259	0.6286156
P12268	0.5302358
P12270	0.9170724
P12271	0.27538478
P12272	0.5263385
P12277	0.55457807
P12429	0.4788157
P12524	0.8009457
P12643	0.9963044
P12755	0.94589454
P12757	0.25950453
P12814	0.55613154
P12821	0.8503254
P12829	0.7929758
P12830	0.81994796
P12931	0.40466467
P12955	0.48446202
P12956	0.59408885
P12980	0.5724786
P13010	0.4611324
P13051	0.3736858
P13056	0.7964252
P13073	0.70811796
P13164	0.6669463
P13196	0.536109
P13284	0.9184267
P13349	0.26613224
P13489	0.4223232
P13500	0.5214864
P13584	0.8871087
P13591	0.50556916
P13598	0.29075313
P13611	0.905116
P13612	0.29345313
P13631	0.4673896
P13639	0.6686289
P13646	0.8491185
P13647	0.4784241
P13667	0.44214395
P13674	0.99996316
P13682	0.8232933
P13686	0.3123521
P13693	0.44794956
P13726	0.8866753
P13747	0.4290864
P13796	0.4906726
P13797	0.78991014
P13798	0.9401108
P13804	0.5498905
P13805	0.9999474
P13807	0.41140193
P13861	0.7524094
P13866	0.9765652
P13928	0.46488622
P13929	0.61872053
P13984	0.5611032
P13987	0.99992704
P13994	0.97604567
P14061	0.355981
P14136	0.66678023
P14151	0.23457709
P14174	0.3289143
P14209	0.71060514
P14210	0.51285005
P14222	0.32920584
P14314	0.6410646
P14316	0.38000613
P14317	0.17355163
P14324	0.23387334
P14373	0.980452
P14384	0.99984634
P14550	0.46871117
P14555	0.9741778
P14618	0.48611858
P14621	0.65051657
P14625	0.5030818
P14635	0.5795765
P14649	0.9497399
P14652	0.48580676
P14678	0.6222013
P14679	0.9494659
P14780	0.89474744
P14854	0.56982285
P14859	0.7200176
P14866	0.6647432
P14868	0.73059994
P14921	0.39836758
P14923	0.7424916
P15018	0.52711046
P15036	0.46339536
P15056	0.9833413
P15104	0.54897314
P15121	0.2832329
P15144	0.45537436
P15151	0.7368422
P15169	0.69969094
P15170	0.7966963
P15172	0.99225205
P15173	0.20685966
P15259	0.2437939
P15289	0.55590254
P15291	0.9054994
P15311	0.45256886
P15313	0.43579456
P15328	0.31653515
P15336	0.9610213
P15374	0.64025235
P15407	0.39567167
P15408	0.46888345
P15428	0.5243071
P15498	0.8426427
P15502	0.47924936
P15514	0.45427462
P15516	0.65166265
P15529	0.5607762
P15531	0.6493399
P15559	0.31464595
P15621	0.8349074
P15622	0.79573244
P15735	0.45924914
P15813	0.36028826
P15814	0.3213863
P15822	0.6811567
P15848	0.66555643
P15880	0.4076599
P15882	0.6050634
P15884	0.41989496
P15918	0.55532014
P15923	0.9428707
P15924	0.5208794
P15927	0.9932247
P16066	0.9855745
P16070	0.6361584
P16083	0.746881
P16104	0.9869032
P16144	0.46155667
P16150	0.4380444
P16152	0.3803039
P16219	0.4619501
P16220	0.6193571
P16234	0.26722288
P16260	0.43678474
P16278	0.8866956
P16298	0.3686453
P16333	0.39517653
P16383	0.35158527
P16401	0.32422882
P16403	0.893015
P16422	0.44670725
P16435	0.99950004
P16444	0.6735267
P16455	0.4325989
P16519	0.96922123
P16520	0.5536436
P16591	0.7975622
P16615	0.68127924
P16671	0.40494463
P16870	0.562581
P16871	0.50705856
P16885	0.56054395
P16930	0.67193234
P16949	0.27537557
P16989	0.34684515
P17010	0.9773219
P17014	0.5530192
P17017	0.27345455
P17020	0.33150035
P17022	0.99987924
P17023	0.47727987
P17024	0.58686626
P17025	0.31164068
P17026	0.57637316
P17027	0.360349
P17028	0.23978254
P17029	0.99969673
P17030	0.98857015
P17031	0.9081182
P17032	0.97314835
P17036	0.55796325
P17039	0.35599077
P17040	0.30009013
P17041	0.99885166
P17066	0.9998858
P17081	0.54710317
P17096	0.20970732
P17097	0.46036777
P17098	0.9742399
P17152	0.18453687
P17174	0.4814418
P17181	0.40666565
P17252	0.636339
P17275	0.51929736
P17301	0.25530434
P17302	0.9565317
P17342	0.46277174
P17480	0.99957234
P17481	0.29720825
P17482	0.693757
P17483	0.50617063
P17509	0.9113317
P17516	0.7863394
P17535	0.52334017
P17542	0.2839948
P17544	0.71521735
P17612	0.22237515
P17643	0.9319527
P17655	0.17528781
P17661	0.50321555
P17676	0.5662228
P17677	0.48089984
P17706	0.5048018
P17707	0.32356218
P17752	0.6123706
P17812	0.44998515
P17844	0.44274408
P17858	0.9993118
P17931	0.21532866
P17936	0.99919873
P17947	0.10577192
P17948	0.39241514
P17980	0.91105646
P18031	0.40267554
P18054	0.8878515
P18065	0.26060104
P18074	0.25886023
P18075	0.55620086
P18084	0.48891523
P18124	0.376059
P18146	0.3322358
P18206	0.5141432
P18283	0.29921213
P18433	0.99894625
P18564	0.54719126
P18583	0.99556303
P18615	0.89505523
P18621	0.50430185
P18669	0.41861126
P18754	0.69636583
P18827	0.76101047
P18846	0.99060786
P18847	0.9995945
P18848	0.36104017
P18850	0.8137606
P18858	0.88710505
P18859	0.60374933
P18887	0.74054265
P19012	0.3469652
P19013	0.5458974
P19021	0.7963826
P19022	0.4015141
P19075	0.38078892
P19086	0.6872151
P19105	0.78687644
P19174	0.57900465
P19235	0.85223997
P19237	0.9966865
P19320	0.5311102
P19338	0.99999845
P19367	0.55333984
P19387	0.60148203
P19388	0.43365005
P19404	0.28027475
P19419	0.5776788
P19429	0.99997354
P19440	0.46845925
P19447	0.82920617
P19474	0.544877
P19484	0.26417658
P19525	0.44694704
P19532	0.28353652
P19544	0.73118174
P19622	0.7391316
P19623	0.46523377
P19634	0.24901736
P19652	0.9423725
P19784	0.52055645
P19793	0.5961509
P19823	0.61208546
P19827	0.94424963
P19838	0.2979246
P19878	0.91396934
P19957	0.31568858
P19971	0.9972113
P20020	0.41383934
P20036	0.93837553
P20042	0.46063626
P20062	0.534623
P20073	0.8770324
P20132	0.49477386
P20138	0.5625426
P20142	0.9660248
P20226	0.43065163
P20248	0.51220965
P20264	0.5131018
P20265	0.69596153
P20290	0.53162616
P20309	0.33009806
P20336	0.25860077
P20337	0.41870713
P20340	0.85780865
P20393	0.9885133
P20472	0.35007432
P20585	0.94914275
P20591	0.5665634
P20618	0.58789104
P20700	0.9773769
P20711	0.57615644
P20749	0.6399596
P20774	0.5037711
P20800	0.84982044
P20809	0.42993003
P20810	0.3797924
P20813	0.38381425
P20815	0.32359788
P20823	0.4091208
P20839	0.5302358
P20908	0.91769785
P20930	0.99994636
P20962	1.0
P21127	0.86756647
P21145	0.5461487
P21266	0.44157153
P21281	0.8990089
P21283	0.35194567
P21333	0.711388
P21359	0.5756046
P21397	0.63711345
P21399	0.39384815
P21439	0.5584049
P21452	0.24077713
P21453	0.84942406
P21462	0.49880743
P21506	0.43671206
P21549	0.92483175
P21580	0.45313635
P21583	0.4665645
P21589	0.5956367
P21675	0.96820205
P21731	0.8761035
P21741	0.92033494
P21781	0.9772815
P21796	0.60096765
P21802	0.524647
P21810	0.28676936
P21817	0.5378112
P21854	0.3609918
P21860	0.3311251
P21912	0.606092
P21926	0.4813424
P21964	0.8831045
P21980	0.5272792
P22004	0.780789
P22033	0.34073377
P22059	0.92056245
P22061	0.85371447
P22083	0.9349277
P22087	0.9999224
P22102	0.53183544
P22223	0.79146254
P22234	0.5519363
P22303	0.49984568
P22307	0.9510164
P22314	0.53595096
P22415	0.32491723
P22466	0.5800525
P22570	0.9242643
P22607	0.32076514
P22612	0.22237515
P22626	0.8417037
P22670	0.99955136
P22676	0.75344676
P22681	0.15345056
P22694	0.22237515
P22695	0.5463802
P22736	0.4984555
P22748	0.46585917
P22794	0.82224125
P22914	0.2803718
P23025	0.37794083
P23141	0.50306576
P23142	0.13483022
P23193	0.7146045
P23219	0.6537566
P23246	0.5990225
P23284	0.49268243
P23368	0.9998965
P23378	0.5938647
P23381	0.4637638
P23396	0.37245694
P23434	0.61257917
P23443	0.22170867
P23467	0.8757185
P23468	0.55645335
P23469	0.48030293
P23471	0.51823074
P23497	0.9999993
P23508	0.5205162
P23510	0.99132127
P23511	0.39826652
P23526	0.4450699
P23527	0.4268314
P23560	0.9509664
P23588	0.50847137
P23634	0.34199733
P23677	0.9215583
P23743	0.99431676
P23760	0.79981554
P23769	0.7796786
P23771	0.3598392
P23786	0.43405437
P23919	0.58115506
P23921	0.45928425
P23975	0.5253025
P24071	0.53346735
P24278	0.55756634
P24385	0.43716332
P24386	0.44630885
P24390	0.7669388
P24462	0.32359788
P24468	0.44325444
P24522	0.5059143
P24530	0.9939295
P24534	0.47277203
P24539	0.4628606
P24557	0.9670687
P24588	0.4475201
P24593	0.9492059
P24666	0.24547559
P24723	0.5383478
P24752	0.61437225
P24844	0.78687644
P24855	0.610995
P24863	0.50007665
P24864	0.58351654
P24928	0.7704727
P24941	0.4671255
P25063	0.70578134
P25067	0.46826464
P25092	0.9969506
P25098	0.9770586
P25105	0.69372493
P25106	0.36754954
P25205	0.83328676
P25208	0.3735044
P25325	0.8703247
P25398	0.79766774
P25440	0.99555004
P25445	0.9943656
P25490	0.5495535
P25685	0.42260084
P25686	0.5241421
P25705	0.9221242
P25774	0.38789558
P25786	0.57986796
P25788	0.6564423
P25789	0.99969196
P25791	0.41717565
P25815	0.6854294
P25929	0.47683656
P25963	0.57119316
P26006	0.7874143
P26010	0.25023502
P26012	0.3262947
P26038	0.9693564
P26196	0.9999999
P26358	0.218229
P26367	0.5043324
P26368	0.5695936
P26373	0.41051108
P26374	0.5578027
P26378	0.89478856
P26440	0.47279507
P26441	0.66348374
P26447	0.39223397
P26583	0.99915457
P26599	0.39720476
P26639	0.51155543
P26640	0.5620055
P26641	0.5026219
P26651	0.52347463
P26715	0.35669434
P26717	0.35669434
P26718	0.96948
P26885	0.3195648
P27037	0.43489492
P27105	0.7127753
P27144	0.45813987
P27216	0.22369091
P27338	0.9999342
P27348	0.2358662
P27361	0.44359806
P27448	0.3820393
P27540	0.976842
P27544	0.3046861
P27635	0.44145977
P27658	0.9536764
P27694	0.45914996
P27695	0.575755
P27701	0.96857756
P27707	0.2619574
P27708	0.35177186
P27815	0.5500065
P27816	0.77386594
P27824	0.59338284
P27986	0.9992698
P27987	0.49783385
P28062	0.6734456
P28065	0.21579024
P28066	0.34723267
P28067	0.5622657
P28070	0.9413842
P28072	0.6624149
P28074	0.9003348
P28161	0.4415715
P28222	0.35005876
P28288	0.9981146
P28289	0.50506765
P28290	0.3447795
P28300	0.3420838
P28324	0.5140746
P28328	0.91403544
P28331	0.4757294
P28336	0.7009594
P28340	0.4240139
P28347	0.452157
P28356	0.4422552
P28358	0.44280374
P28360	0.2869996
P28370	0.8869823
P28562	0.6152781
P28676	0.3629146
P28698	0.38560662
P28702	0.36397937
P28715	0.66681665
P28749	0.8407288
P28799	0.9611849
P28827	0.27409974
P28838	0.49257874
P28906	0.59551656
P28907	0.52355003
P29033	0.5663033
P29034	0.23290256
P29074	0.58562213
P29083	0.74268067
P29084	0.8053391
P29144	0.99915814
P29218	0.6719398
P29275	0.40484986
P29317	0.8625965
P29320	0.434485
P29323	0.32503492
P29350	0.45149845
P29353	0.37658525
P29372	0.5149644
P29373	0.70824504
P29374	0.51245546
P29375	0.97080654
P29376	0.6413662
P29400	0.9999677
P29401	0.92877734
P29466	0.27841437
P29475	0.43762317
P29508	0.4969709
P29536	0.34901407
P29558	0.40001595
P29590	0.9999969
P29597	0.44124976
P29692	0.60413486
P29728	0.531086
P29803	0.3981336
P29966	0.6453808
P29972	0.3044405
P30039	0.98738307
P30040	0.31271243
P30041	0.54077286
P30043	0.6036148
P30044	0.3611643
P30046	0.42688778
P30047	0.4189268
P30050	0.75956625
P30084	0.76204723
P30085	0.46971723
P30086	0.7024797
P30101	0.9659268
P30153	0.5819912
P30154	0.5512241
P30260	0.9411847
P30279	0.42778784
P30291	0.99788266
P30304	0.74128187
P30305	0.8716098
P30307	0.9797406
P30405	0.3762614
P30414	0.5893692
P30419	0.34424123
P30519	0.6854554
P30520	0.44226742
P30531	0.653045
P30532	0.4916939
P30533	0.3131761
P30542	0.54081964
P30550	0.50517803
P30556	0.50367665
P30566	0.36823842
P30613	0.17132731
P30622	0.4295229
P30626	0.47061726
P30740	0.7574408
P30793	0.42066264
P30837	0.9999783
P30838	0.96682817
P30874	0.4488428
P30876	0.27439624
P30989	0.24935395
P31040	0.9982395
P31146	0.2967023
P31150	0.97599083
P31153	0.753537
P31249	0.9967513
P31260	0.7031124
P31268	0.18876316
P31269	0.36852053
P31270	0.4775966
P31273	0.48593074
P31274	0.4587233
P31277	0.2706941
P31323	0.9122393
P31327	0.9887916
P31350	0.24001026
P31415	0.38716376
P31431	0.51523656
P31483	0.33843723
P31629	0.54898506
P31641	0.7554267
P31644	0.4268718
P31645	0.93815786
P31689	0.513143
P31749	0.48115674
P31751	0.9999999
P31785	0.6809795
P31930	0.68999815
P31939	0.3695447
P31941	0.35034713
P31942	0.24283087
P31943	0.48519835
P31944	0.8509258
P31946	0.5499177
P31947	0.99076957
P31948	0.49246514
P32004	0.443202
P32019	0.39869246
P32121	0.9691535
P32242	0.947501
P32248	0.4867628
P32249	0.9681082
P32298	0.99090624
P32314	0.9843369
P32320	0.39929438
P32321	0.19999905
P32418	0.3420952
P32456	0.25408703
P32519	0.23715897
P32754	0.9479283
P32780	0.5201161
P32856	0.48834866
P32927	0.4536388
P32942	0.4370261
P32969	0.6722992
P32970	0.22776471
P33076	0.20123468
P33121	0.5282385
P33176	0.49008211
P33240	0.8381595
P33241	0.37557974
P33316	0.3623878
P33527	0.43839732
P33552	0.8562365
P33763	0.2838716
P33764	0.7456509
P33778	0.4268314
P33908	0.6493137
P33981	0.373514
P33991	0.5416957
P33992	0.55939054
P33993	0.44450435
P34059	0.63294125
P34130	0.7234862
P34741	0.7291194
P34810	0.99301237
P34896	0.72934306
P34897	0.48198467
P34913	0.6697787
P34925	0.74584067
P34931	0.9998858
P34932	0.25415584
P34947	0.8530684
P34949	0.6164658
P34969	0.14815934
P35030	0.73472285
P35052	0.3110152
P35125	0.9678104
P35221	0.68114597
P35222	0.59989136
P35225	0.4637677
P35226	0.9993618
P35227	0.32237914
P35232	0.99657613
P35237	0.40343267
P35240	0.6640269
P35241	0.8916808
P35249	0.41693753
P35250	0.42274496
P35251	0.56966937
P35268	0.9995586
P35269	0.6065071
P35270	0.44658262
P35346	0.49870765
P35354	0.36606523
P35367	0.4618412
P35368	0.32585523
P35410	0.6710881
P35442	0.60208327
P35443	0.9222188
P35453	0.43456563
P35475	0.42890665
P35498	0.8632447
P35499	0.2096438
P35520	0.999534
P35544	0.36893377
P35548	0.9867446
P35555	0.2068387
P35556	0.38079262
P35557	0.7733673
P35568	0.31408688
P35573	0.53475225
P35579	0.45758742
P35580	0.4324688
P35606	0.2796829
P35610	0.7616325
P35611	0.56514937
P35612	0.41808042
P35613	0.40015402
P35626	0.90388465
P35637	0.9242153
P35638	0.40442502
P35658	0.97661495
P35659	0.8371052
P35670	0.9929342
P35680	0.19125499
P35711	0.3809077
P35712	0.45237654
P35713	0.33703676
P35749	0.4928033
P35754	0.48211184
P35790	0.4458277
P35813	0.30033737
P35858	0.6830791
P35869	0.6864675
P35900	0.4340059
P35908	0.49094287
P35913	0.26980612
P35916	0.9494718
P35968	0.32709303
P35998	0.5606163
P36021	0.39084706
P36268	0.46845925
P36269	0.99473035
P36383	0.9885898
P36402	0.99128705
P36404	0.4326196
P36405	0.5314885
P36507	0.445275
P36508	0.34001446
P36543	0.33954337
P36551	0.38486278
P36578	0.9999707
P36639	0.9357971
P36776	0.94203764
P36871	0.6580114
P36888	0.34532174
P36894	0.6017254
P36896	0.81279916
P36897	0.3634627
P36915	0.9999347
P36941	0.76413363
P36952	0.48799592
P36954	0.4641963
P36956	0.7928752
P36969	0.384635
P37058	0.8802285
P37059	0.17428
P37108	0.999998
P37173	0.22438486
P37198	0.7330741
P37231	0.5587228
P37268	0.38151872
P37275	0.4541065
P37802	0.4350895
P37837	0.53631264
P38117	0.9986682
P38159	0.41752988
P38405	0.3214035
P38432	0.9943123
P38484	0.46957448
P38571	0.99955314
P38606	0.9911122
P38646	0.93860817
P38919	0.42242813
P38935	0.6326892
P38936	0.5287777
P39019	0.67232895
P39023	0.47687495
P39059	0.4789633
P39060	0.561549
P39656	0.22400124
P39687	0.5431792
P39748	0.898355
P39880	0.96611917
P39905	0.82936525
P40121	0.72564733
P40123	0.34878433
P40189	0.4110461
P40222	0.7369589
P40227	0.37617165
P40259	0.77368844
P40261	0.6768631
P40306	0.38241157
P40313	0.48621765
P40337	0.43312943
P40394	0.25036508
P40424	0.9942275
P40425	0.16465595
P40426	0.9942275
P40429	0.3887538
P40616	0.7129322
P40617	0.6334513
P40692	0.32058385
P40763	0.48271996
P40818	0.80447906
P40855	0.4880923
P40925	0.55064046
P40926	0.7777734
P40933	0.7671787
P40937	0.8914446
P40938	0.9999416
P40939	0.5742056
P41002	0.4715413
P41134	0.35848832
P41145	0.54431874
P41161	0.82173574
P41162	0.6784077
P41182	0.5346659
P41212	0.82267857
P41214	0.9796683
P41218	0.9981462
P41220	0.44324583
P41222	0.43060604
P41223	0.7951412
P41225	0.49693078
P41226	0.9927367
P41227	0.49854606
P41229	0.47346947
P41231	0.3736271
P41235	0.6543586
P41236	0.38047376
P41240	0.99994147
P41250	0.18303107
P41252	0.9144434
P41273	0.49869925
P41279	0.51794535
P41440	0.27037317
P41586	0.87032133
P41595	0.43643895
P41743	0.46116018
P41970	0.6969841
P42025	0.40485868
P42127	0.27861804
P42166	0.83802
P42224	0.47506428
P42226	0.54556215
P42229	0.24993058
P42285	0.2644724
P42330	0.7863394
P42331	0.9642271
P42336	0.5030611
P42338	0.7514478
P42345	0.9557193
P42356	0.30270168
P42357	0.7504566
P42566	0.99912924
P42568	0.49236596
P42574	0.89703697
P42575	0.35712773
P42677	0.507191
P42680	0.43244785
P42681	0.85716224
P42684	0.657499
P42685	0.3084382
P42694	0.99999857
P42695	0.42045173
P42696	0.9999877
P42701	0.30336607
P42702	0.89504004
P42704	0.54271066
P42765	0.553796
P42766	0.47871438
P42771	0.9823272
P42772	0.45414722
P42773	0.28300816
P42857	0.44581944
P42858	0.38359904
P42898	0.41716927
P43003	0.38932967
P43007	0.70344526
P43034	0.56322074
P43080	0.45688042
P43121	0.29879108
P43146	0.7242284
P43155	0.35821235
P43235	0.4729429
P43246	0.7889024
P43250	0.5318423
P43268	0.9999975
P43307	0.3698888
P43320	0.34316847
P43351	0.37694737
P43354	0.76815504
P43355	0.4028052
P43358	0.9998405
P43363	0.56370074
P43364	0.9695314
P43378	0.5462843
P43405	0.99587435
P43487	0.56311077
P43490	0.98751664
P43657	0.35950077
P43686	0.66466403
P43694	0.93648547
P43699	0.8752607
P43897	0.860884
P45379	0.6801712
P45381	0.36532727
P45844	0.9965502
P45880	0.42133623
P45954	0.4237317
P45973	0.54807293
P45974	0.5266557
P45985	0.35639417
P46013	0.99997973
P46019	0.20159318
P46020	0.9931253
P46059	0.4954222
P46060	0.98918194
P46063	0.53308606
P46087	0.9963477
P46091	0.45270836
P46092	0.19764584
P46100	0.9108877
P46108	0.6104821
P46109	0.23846193
P46199	0.63049424
P46379	0.6453294
P46439	0.44157153
P46459	0.7196738
P46527	0.7804357
P46531	0.3913306
P46721	0.49005038
P46734	0.20797884
P46736	0.3426754
P46776	0.39469844
P46777	0.25338566
P46778	0.46320146
P46779	0.18986355
P46782	0.30636838
P46783	0.40565282
P46821	0.7027945
P46926	0.962952
P46934	0.15270256
P46937	0.44021887
P46939	0.55619067
P46940	0.81738645
P46976	0.80693066
P46977	0.92952377
P47224	0.284659
P47712	0.47639602
P47736	0.44893983
P47755	0.2362585
P47756	0.49381253
P47813	0.5186547
P47871	0.83512694
P47895	0.5616999
P47897	0.43252656
P47914	0.4579106
P47928	0.3943876
P47972	0.53115934
P47985	0.3539619
P47989	0.4919745
P48047	0.48834404
P48059	0.15721041
P48065	0.6153124
P48067	0.62403184
P48147	0.57472074
P48163	0.48304534
P48200	0.41207123
P48230	0.28962824
P48357	0.47653157
P48378	0.43831933
P48380	0.43238032
P48426	0.44379464
P48431	0.3353548
P48436	0.5244548
P48443	0.5210067
P48444	0.8781891
P48449	0.31006354
P48454	0.5272692
P48506	0.44825852
P48507	0.583187
P48539	0.5822226
P48547	0.98663783
P48552	0.98188466
P48556	0.9880576
P48634	0.3529944
P48637	0.8914974
P48643	0.9582282
P48651	0.3370129
P48664	0.2098612
P48668	0.5437857
P48681	0.74511516
P48728	0.55411756
P48729	0.32522577
P48730	0.99828833
P48735	0.66374654
P48736	0.42653736
P48739	0.9999819
P48740	0.7694323
P48745	0.41056603
P48751	0.209847
P48764	0.42152005
P48775	0.18143615
P48788	0.33587864
P48960	0.3742857
P48995	0.4453611
P49005	0.29839817
P49006	0.858081
P49019	0.12437019
P49023	0.99968815
P49069	0.98435783
P49116	0.4069278
P49137	0.56259584
P49189	0.74237233
P49207	0.44613838
P49238	0.32180312
P49257	0.38794774
P49281	0.46952307
P49321	0.6022226
P49326	0.46634912
P49327	0.88266265
P49335	0.3489729
P49336	0.3973243
P49354	0.98030096
P49356	0.38544956
P49366	0.53540975
P49368	0.9415217
P49406	0.49100718
P49407	0.54548687
P49411	0.7050271
P49418	0.7149391
P49419	0.64530337
P49427	0.92136854
P49441	0.6496353
P49448	0.5866714
P49450	0.5578751
P49454	0.4348879
P49459	0.27351418
P49585	0.400288
P49588	0.42062962
P49589	0.81898296
P49590	0.41994923
P49591	0.5623771
P49593	0.7224074
P49619	0.39834112
P49640	0.4577826
P49641	0.87648064
P49642	0.7252335
P49643	0.61024725
P49662	0.36349022
P49674	0.1851596
P49703	0.99817836
P49711	0.34816083
P49715	0.41795877
P49716	0.4206142
P49720	0.40429378
P49721	0.46644488
P49736	0.5177174
P49746	0.999824
P49747	0.47555318
P49748	0.96105766
P49750	0.7765827
P49753	0.45081395
P49755	0.90260696
P49756	0.99999607
P49757	0.92424065
P49759	0.36208233
P49760	0.9825784
P49761	0.5087142
P49763	0.3207497
P49768	0.54291815
P49770	0.65780336
P49773	0.43998098
P49788	0.4239621
P49789	0.8556812
P49790	0.993979
P49795	0.9176565
P49796	0.39582127
P49798	0.32320908
P49802	0.41959143
P49810	0.60754037
P49815	0.5458202
P49821	0.39360225
P49840	0.19676684
P49841	0.517999
P49842	0.431567
P49848	0.8696592
P49862	0.31850433
P49888	0.4016726
P49903	0.1787283
P49908	0.3699649
P49910	0.6510047
P49914	0.22296262
P49915	0.5245907
P49916	0.9558677
P49917	0.6516326
P49918	0.91254634
P49959	0.9779564
P49961	0.53621817
P50053	0.47810605
P50120	0.5281402
P50148	0.39614746
P50213	0.7571846
P50219	0.4237345
P50221	0.999488
P50238	0.59242636
P50281	0.3961922
P50336	0.53000796
P50402	0.929379
P50416	0.5687182
P50440	0.33003402
P50443	0.9137546
P50452	0.20550023
P50453	0.2526299
P50454	0.4773492
P50458	0.43246284
P50479	0.628154
P50502	0.5498623
P50539	0.4800071
P50542	0.6922541
P50548	0.31319124
P50549	0.56151587
P50552	0.9975834
P50570	0.50009406
P50579	0.41146454
P50583	0.58910227
P50591	0.359731
P50607	0.59722865
P50616	0.91607124
P50747	0.290957
P50748	0.46878105
P50749	0.3656338
P50750	1.0
P50851	0.71090865
P50876	0.61921376
P50895	0.90757245
P50914	0.5598927
P50990	0.6613165
P50991	0.52681637
P50995	0.3905059
P51003	0.94803864
P51114	0.68341565
P51116	0.46777096
P51148	0.7425943
P51149	0.99988246
P51151	0.31647992
P51153	0.34141645
P51170	0.21330191
P51172	0.21041833
P51178	0.23133811
P51397	0.9963833
P51398	0.53744453
P51449	0.7656886
P51451	0.35018352
P51452	0.15982781
P51511	0.36439857
P51512	0.70871246
P51513	0.99738055
P51522	0.2766501
P51523	0.43828654
P51530	0.40082452
P51531	0.62181354
P51532	0.19508232
P51553	0.99160504
P51570	0.5138218
P51572	0.63383985
P51587	0.4060367
P51608	0.7074015
P51610	0.99618965
P51617	0.17063437
P51636	0.7714449
P51649	0.929971
P51654	0.57357126
P51659	0.96415937
P51665	0.45212188
P51668	0.5428054
P51689	0.99984145
P51690	0.52102464
P51784	0.3120882
P51788	0.16122398
P51790	0.39598492
P51793	0.970294
P51795	0.71118057
P51797	0.45583656
P51798	0.37856787
P51805	0.8587134
P51809	0.810247
P51811	0.6637574
P51812	0.9897654
P51813	0.06385267
P51814	0.4412077
P51815	0.9642467
P51817	0.5466335
P51825	0.39824405
P51826	0.8243395
P51828	0.9579014
P51843	0.70736915
P51857	0.25780976
P51858	0.760506
P51861	0.5778177
P51911	0.46383458
P51946	0.36241987
P51948	0.32001883
P51955	0.7609623
P51956	0.17346379
P51957	0.4909709
P51959	0.54058886
P51965	0.36737937
P51970	0.32440218
P51991	0.37546143
P51993	0.42490336
P52209	0.33828187
P52272	0.5571471
P52292	0.44105932
P52294	0.57468694
P52298	0.7844344
P52306	0.31140164
P52429	0.23983113
P52434	0.42593086
P52435	0.2887085
P52564	0.3841882
P52565	0.13348053
P52566	0.115005076
P52569	0.47655213
P52594	0.3993054
P52597	0.48519835
P52630	0.544677
P52655	0.63835716
P52657	0.43585262
P52701	0.62949276
P52732	0.41576177
P52735	0.42561013
P52736	0.8166019
P52737	0.7554711
P52739	0.5287604
P52740	0.9999851
P52741	0.40912175
P52742	0.39708492
P52744	0.43640754
P52746	0.9999893
P52747	0.6788977
P52756	0.8833331
P52757	0.7255719
P52788	0.97721785
P52798	0.97220355
P52799	0.67138386
P52803	0.45284393
P52815	0.81426054
P52849	0.4595018
P52888	0.32891494
P52895	0.7863394
P52926	0.993849
P52943	0.45054755
P52945	0.19526093
P52948	0.91092837
P52951	0.20963277
P52952	0.22430032
P52954	0.9803538
P53004	0.27346185
P53041	0.50886816
P53355	0.878142
P53365	0.5473618
P53367	0.99898845
P53370	0.2774372
P53384	0.3259856
P53396	0.42710945
P53539	0.9823583
P53567	0.30972844
P53582	0.45541295
P53597	0.42136657
P53602	0.4576252
P53609	0.32555503
P53611	0.82835627
P53618	0.5559017
P53621	0.3709871
P53634	0.9975458
P53667	0.9510862
P53671	0.3345679
P53675	0.7994497
P53701	0.56345546
P53778	0.6092769
P53794	0.38195747
P53801	0.36613902
P53803	0.55718243
P53804	0.2783918
P53805	0.5748671
P53814	0.36894792
P53816	0.74660796
P53985	0.9961332
P53990	0.4056648
P53992	0.9935468
P53999	0.913703
P54105	0.7225826
P54132	0.8544103
P54136	0.9052769
P54198	0.44962737
P54252	0.904289
P54253	0.5073645
P54259	0.4150994
P54274	0.82572794
P54277	0.98836565
P54278	0.5445337
P54284	0.81093997
P54296	0.28441992
P54368	0.9421095
P54577	0.759879
P54578	0.59513897
P54619	0.38903713
P54646	0.41962487
P54652	0.9998858
P54709	0.47030088
P54710	0.5534508
P54725	0.6019672
P54727	0.31120613
P54750	0.40810427
P54762	0.43504703
P54793	0.74060017
P54821	0.91708905
P54826	0.50391406
P54829	0.52600735
P54845	0.34210473
P54849	0.38433698
P54851	0.63113534
P54868	0.33180946
P54886	0.91908467
P54920	0.14936036
P54922	0.7240592
P55008	0.4351732
P55010	0.617172
P55011	0.59652734
P55036	0.57431644
P55039	0.7854325
P55042	0.29581752
P55055	0.39311603
P55060	0.5193992
P55064	0.50785834
P55072	0.7618451
P55081	0.55159646
P55082	0.60858834
P55083	0.2964442
P55084	0.4575384
P55085	0.34727398
P55087	0.61811066
P55089	0.4834567
P55145	0.4386873
P55157	0.2916869
P55160	0.34453464
P55196	0.7780009
P55197	0.4722425
P55198	0.5137501
P55201	0.80169463
P55209	0.72029185
P55211	0.48725045
P55212	0.5266593
P55263	0.416593
P55265	0.9966826
P55268	0.75585645
P55273	0.276329
P55283	0.742126
P55289	0.99390405
P55290	0.34783274
P55291	0.46057662
P55317	0.3831211
P55318	0.44513226
P55327	0.7575668
P55345	0.51594824
P55347	0.55992895
P55735	0.85331327
P55771	0.54283947
P55786	0.4020816
P55789	0.38408703
P55795	0.48519835
P55809	0.40888217
P55822	0.51064205
P55851	0.48707035
P55854	0.9934175
P55884	0.6264412
P55895	0.4597119
P55916	0.45580125
P55957	0.26626742
P56134	0.5207766
P56159	0.806263
P56177	0.839572
P56178	0.5556745
P56179	0.93613464
P56180	0.48560867
P56181	0.46059486
P56182	0.9997631
P56192	0.59464324
P56270	0.41220096
P56277	0.5171127
P56278	0.32087243
P56282	0.98568314
P56377	0.4920638
P56378	0.50102705
P56385	0.7498696
P56470	0.30287468
P56524	0.20048949
P56537	0.69437164
P56539	0.64369345
P56545	0.9049866
P56557	0.6178352
P56559	0.42068726
P56589	0.46795404
P56597	0.7930297
P56645	0.28433296
P56693	0.6737563
P56705	0.3837071
P56730	0.9997881
P56817	0.32931814
P56915	0.45128798
P56945	0.18019688
P56962	0.7948515
P56975	0.61949146
P57052	0.2105959
P57053	0.4268314
P57054	0.88779426
P57058	0.9369542
P57059	0.39960998
P57071	0.8943461
P57073	0.3811152
P57075	0.4774919
P57076	0.5610136
P57077	0.56242627
P57081	0.79558706
P57082	0.9747839
P57086	0.53380257
P57087	0.3804209
P57105	0.7193584
P57678	0.7845547
P57679	0.53245103
P57682	0.4625068
P57723	0.19483173
P57729	0.99132204
P57735	0.2636962
P57738	0.8853151
P57739	0.7667279
P57740	0.63228065
P57764	0.7056541
P57768	0.22298224
P57772	0.97006196
P57775	0.76980674
P58004	0.35954413
P58005	0.55467606
P58012	0.24195525
P58107	0.51619166
P58166	0.9979734
P58317	0.4906258
P58397	0.99563795
P58400	0.42844924
P58499	0.5288218
P58505	0.791936
P58511	0.5266953
P58546	0.58535296
P58557	0.8745874
P58753	0.23575939
P58876	0.4268314
P59045	0.34598362
P59190	0.36794657
P59768	0.58911735
P59780	0.48897165
P59817	0.7635426
P59910	0.6191321
P59923	0.5965378
P60002	0.45154145
P60006	0.58579046
P60033	0.52268016
P60174	0.44621196
P60228	0.45252568
P60468	0.59972894
P60484	0.6852575
P60510	0.37651688
P60520	0.48553547
P60606	0.4555356
P60842	0.3775697
P60866	0.58120745
P60891	0.2836057
P60896	0.7501802
P60900	0.7232012
P60903	0.6249269
P60953	0.109998964
P60983	0.9038267
P61006	0.94395053
P61011	0.9997837
P61020	0.82936203
P61024	0.8562364
P61077	0.5428054
P61081	0.4656814
P61086	0.4476952
P61088	0.8823445
P61106	0.98588514
P61129	0.36107853
P61160	0.30268186
P61163	0.40485868
P61165	0.24682151
P61201	0.33522975
P61218	0.9991825
P61221	0.64620656
P61244	0.53044814
P61247	0.95960855
P61254	0.45390993
P61289	0.47727183
P61296	0.79101425
P61326	0.38704523
P61328	0.2383364
P61371	0.42832658
P61457	0.67710733
P61513	0.39060536
P61599	0.27870345
P61619	0.45437503
P61626	0.36245754
P61647	0.14389294
P61758	0.93483895
P61764	0.8094064
P61769	0.814722
P61803	0.16250414
P61956	0.9757396
P61962	0.44434407
P61964	0.7538415
P61966	0.4920638
P61968	0.4053966
P61970	0.3236233
P61978	0.4862855
P62068	0.9382438
P62070	0.63559276
P62072	0.3188229
P62081	0.30664235
P62136	0.53098536
P62140	0.43434927
P62166	0.75179714
P62191	0.9186434
P62195	0.32120568
P62241	0.36093488
P62249	0.51223624
P62253	0.29900533
P62256	0.56226957
P62258	0.72989786
P62263	0.58728933
P62266	0.39575586
P62269	0.42234725
P62273	0.48635814
P62277	0.3462397
P62280	0.5300536
P62308	0.44508368
P62310	0.77026004
P62312	0.5991598
P62316	0.50576466
P62318	0.7219425
P62324	0.3995549
P62328	0.99893516
P62333	0.45001853
P62380	0.4715332
P62424	0.9703147
P62487	0.35565665
P62491	0.8653846
P62508	0.5102108
P62633	0.12217073
P62699	0.48741046
P62714	0.36881784
P62736	0.6453289
P62753	0.2588551
P62805	0.40631136
P62820	0.47353083
P62826	0.6702034
P62829	0.4670458
P62837	0.5428054
P62841	0.34178653
P62847	0.9550601
P62851	0.5720746
P62854	0.54315764
P62857	0.97625446
P62873	0.5536436
P62877	0.5273179
P62879	0.55364347
P62888	0.653791
P62906	0.42058352
P62910	0.4190788
P62913	0.58294445
P62917	0.4054554
P62952	0.4225707
P62979	0.589008
P62987	0.4617754
P62993	0.43015847
P62995	0.6834497
P63000	0.5299627
P63010	0.6975066
P63096	0.49777088
P63098	0.41507602
P63146	0.27351418
P63151	0.40028766
P63162	0.6222013
P63165	0.73890334
P63167	0.7238327
P63172	0.27682397
P63173	0.33015785
P63208	0.37056947
P63220	0.48111585
P63241	0.40269458
P63244	0.56631714
P63272	0.4061879
P63279	0.46788165
P63316	0.4523103
P67809	0.7558123
P67812	0.81212443
P67936	0.55460787
P68036	0.2807439
P68104	0.48666558
P68106	0.986073
P68363	0.29216737
P68366	0.29216737
P68371	0.11964752
P68400	0.391018
P68402	0.5461204
P68543	0.41121554
P68871	0.9449787
P69891	0.9449787
P69892	0.9449787
P78310	0.81647086
P78312	0.44424757
P78314	0.46995035
P78316	0.99988294
P78318	0.4045361
P78330	0.92967373
P78332	0.9914688
P78333	0.73497814
P78337	0.60921335
P78344	0.63827115
P78345	0.9738018
P78346	0.97120845
P78347	0.43480876
P78348	0.33638233
P78352	0.5909357
P78356	0.34544432
P78357	0.42231584
P78362	0.347754
P78364	0.425296
P78367	0.47261244
P78368	0.9310476
P78371	0.6927971
P78380	0.61834425
P78381	0.97754556
P78383	0.5196504
P78396	0.87729895
P78406	0.99079996
P78411	0.6270204
P78412	0.22012405
P78413	0.7431573
P78414	0.6486545
P78415	0.50916797
P78423	0.42684355
P78426	0.40865865
P78504	0.8474146
P78509	0.75877386
P78524	0.78432167
P78527	0.5254101
P78536	0.9999813
P78540	0.37773475
P78543	0.99941516
P78545	0.39756143
P78552	0.62225044
P78559	0.3281132
P78560	0.5336789
P78563	0.40939507
P79522	0.3588352
P80188	0.5160691
P80192	0.8031664
P80217	0.38266775
P80303	0.9797633
P80365	0.6290964
P80370	0.60251224
P80404	0.46111602
P80723	0.9846676
P81133	0.5453123
P81274	0.8709031
P81408	0.86685485
P81877	0.6798687
P82094	0.9158529
P82279	0.508532
P82650	0.8364283
P82663	0.46943814
P82664	0.37006953
P82673	0.51887816
P82675	0.377062
P82912	0.57905596
P82914	0.34629086
P82921	0.50157994
P82930	0.31669074
P82933	0.50921756
P82970	0.64341956
P82979	0.87271583
P82980	0.5581062
P82987	0.9618429
P83110	0.9652636
P83111	0.3766589
P83436	0.9993325
P83731	0.52729416
P83876	0.518531
P83881	0.48808616
P83916	0.94120276
P84022	0.9977823
P84077	0.45108244
P84090	0.5502689
P84098	0.5248114
P84101	0.35609728
P84103	0.40458363
P84157	0.51299053
P85037	0.461832
P85298	0.2781528
P86397	0.2693489
P86452	0.5712367
P86790	0.66690314
P86791	0.66690314
P98077	0.42384478
P98082	0.7549198
P98088	0.9444934
P98095	0.5391141
P98153	0.8019601
P98155	0.55438673
P98160	0.4176343
P98164	0.92171675
P98168	0.39675018
P98169	0.39675018
P98170	0.27154723
P98171	0.82071936
P98172	0.5187618
P98173	0.9503197
P98174	0.9566631
P98175	0.5862482
P98177	0.99914694
P98179	0.58798087
P98182	0.95754856
P98194	0.96289164
P98196	0.97410893
P99999	0.4752453
Q00005	0.40028766
Q00013	0.9860049
Q00056	0.9994235
Q00059	0.96600693
Q00169	0.9999819
Q00325	0.40489718
Q00341	0.3463583
Q00403	0.99994445
Q00444	0.31238523
Q00526	0.97326565
Q00532	0.5824154
Q00534	0.35009578
Q00535	0.40984446
Q00536	0.39214012
Q00537	0.47741133
Q00587	0.99886477
Q00597	0.28751656
Q00604	0.36371425
Q00610	0.760467
Q00613	0.85984135
Q00653	0.25358972
Q00688	0.36792496
Q00722	0.32894725
Q00765	0.31207186
Q00796	0.2568502
Q00839	0.5159984
Q00978	0.7522927
Q00987	0.33546412
Q00994	0.4466768
Q01081	0.4407124
Q01082	0.4417838
Q01085	0.89965767
Q01094	0.9067683
Q01105	0.776898
Q01130	0.9927608
Q01151	0.9863841
Q01167	0.64734185
Q01196	0.9803284
Q01201	0.21766385
Q01415	0.51537704
Q01432	0.48989344
Q01433	0.0984986
Q01459	0.38764778
Q01469	0.55644625
Q01484	0.3470683
Q01518	0.42800105
Q01538	0.5730234
Q01543	0.9990644
Q01581	0.34110278
Q01638	0.842959
Q01650	0.6457932
Q01658	0.9996567
Q01664	0.48395586
Q01668	0.8265701
Q01780	0.99988806
Q01804	0.1633308
Q01813	0.27345264
Q01826	0.2702613
Q01831	0.90128756
Q01844	0.9929067
Q01850	0.37916422
Q01860	0.5452051
Q01954	0.41297802
Q01955	0.9955575
Q01959	0.32151788
Q01968	0.50621027
Q01970	0.47829902
Q01973	0.13823976
Q01995	0.49120393
Q02040	0.99737537
Q02045	0.9997743
Q02078	0.41036484
Q02086	0.9847521
Q02094	0.2635195
Q02108	0.5081049
Q02127	0.5497428
Q02153	0.5052618
Q02156	0.39449078
Q02218	0.6754163
Q02224	0.63851786
Q02241	0.7848481
Q02252	0.7825133
Q02297	0.23896004
Q02318	0.37170413
Q02338	0.565813
Q02363	0.9611803
Q02386	0.26105818
Q02410	0.74430436
Q02446	0.37505603
Q02535	0.38263884
Q02543	0.8955098
Q02548	0.9520523
Q02556	0.40921608
Q02575	0.8423389
Q02577	0.9999007
Q02742	0.7782342
Q02750	0.35096717
Q02763	0.49223998
Q02779	0.58976626
Q02790	0.53099483
Q02809	0.87008727
Q02818	0.97868675
Q02833	0.22050792
Q02878	0.08914079
Q02880	0.9998423
Q02930	0.99391806
Q02952	0.9947805
Q02962	0.8869829
Q03001	0.4294996
Q03013	0.4415715
Q03014	0.494186
Q03052	0.504677
Q03060	0.5475491
Q03111	0.7093299
Q03112	0.97955096
Q03113	0.21441694
Q03135	0.27438885
Q03164	0.42587525
Q03167	0.5029381
Q03169	0.65712905
Q03188	0.9433934
Q03252	0.9333346
Q03393	0.4342102
Q03395	0.4706375
Q03405	0.26250705
Q03518	0.29182088
Q03519	0.9861304
Q03591	0.70131636
Q03692	0.3276284
Q03701	0.97856176
Q03721	0.85742176
Q03923	0.52085674
Q03924	0.37778825
Q03933	0.3924807
Q03936	0.7237978
Q03938	0.36066774
Q03989	0.96656
Q04206	0.8403291
Q04323	0.36669862
Q04446	0.42522687
Q04637	0.98411405
Q04656	0.62702084
Q04695	0.5783135
Q04721	0.5293174
Q04724	0.43388155
Q04725	0.9426595
Q04726	0.3181959
Q04727	0.31062892
Q04741	0.9999168
Q04743	0.372104
Q04759	0.8775292
Q04760	0.8547924
Q04771	0.9959765
Q04828	0.7863394
Q04837	0.65169996
Q04912	0.9751629
Q05048	0.99616504
Q05084	0.8191824
Q05086	0.89373046
Q05193	0.65863925
Q05195	0.99478793
Q05209	0.4509427
Q05397	0.6673387
Q05469	0.2591603
Q05513	0.49616557
Q05519	0.6871797
Q05639	0.48666558
Q05655	0.9899824
Q05682	0.5210651
Q05707	0.9999882
Q05823	0.31457293
Q05923	0.6415697
Q05925	1.0
Q05BQ5	0.44066748
Q05C16	0.5811141
Q05D32	0.7015606
Q05DH4	0.54637295
Q06124	0.99939847
Q06141	0.4598292
Q06187	0.7561898
Q06190	0.96079767
Q06203	0.49503326
Q06210	0.46303424
Q06265	0.4830458
Q06330	0.78235716
Q06413	0.99957436
Q06416	0.5452051
Q06455	0.34729174
Q06481	0.7876362
Q06495	0.9370953
Q06520	0.33666313
Q06546	0.5341676
Q06547	0.46122366
Q06587	0.59478873
Q06609	0.99976796
Q06643	0.9173187
Q06710	0.50149214
Q06787	0.51931053
Q06830	0.8353079
Q06889	0.7150511
Q06945	0.5551245
Q07001	0.4907577
Q07002	0.40161136
Q07011	0.4546177
Q07020	0.2999513
Q07021	0.5188437
Q07065	0.8105557
Q07075	0.70711994
Q07092	0.72740966
Q07157	0.9423402
Q07343	0.68831086
Q07444	0.85343736
Q07507	0.93370205
Q07617	0.16462086
Q07654	0.4692454
Q07666	0.53666127
Q07687	0.9935428
Q07817	0.27548197
Q07820	0.75953484
Q07837	0.7373763
Q07864	0.21483362
Q07866	0.35877606
Q07869	0.55288273
Q07889	0.9980726
Q07890	0.9469194
Q07912	0.32733142
Q07954	0.9988066
Q07955	0.31582898
Q07960	0.53565806
Q07973	0.6498703
Q08050	0.9567306
Q08117	0.8167245
Q08170	0.45264885
Q08174	0.9998727
Q08209	0.38334408
Q08211	0.9989901
Q08257	0.36498272
Q08334	0.84248686
Q08345	0.47426468
Q08378	0.8811436
Q08379	0.9960257
Q08397	0.24769473
Q08431	0.48719266
Q08499	0.49370006
Q08629	0.5557249
Q08722	0.98754
Q08752	0.49765807
Q08828	0.76569146
Q08945	0.52078843
Q08999	0.89045966
Q08AD1	0.51447785
Q08AE8	0.33105022
Q08AF3	0.7075207
Q08AI8	0.9806338
Q08AM6	0.46792755
Q08AN1	0.8085433
Q08ER8	0.42386466
Q08J23	0.5552106
Q09013	0.99985754
Q09019	0.29439273
Q09028	0.5119019
Q09161	0.5330888
Q09428	0.9744801
Q09472	0.6811692
Q09666	0.99773043
Q09FC8	0.9796556
Q0D2J5	0.23404777
Q0D2K2	0.6486087
Q0GE19	0.9924126
Q0IIM8	0.39151433
Q0JRZ9	0.43746945
Q0P641	0.47713995
Q0P651	0.37188876
Q0P6D6	0.52655816
Q0P6H9	0.9832351
Q0PNE2	0.35038072
Q0VAA5	0.4176781
Q0VAM2	0.4574264
Q0VAQ4	0.29678425
Q0VD86	0.87433326
Q0VDD7	0.30990735
Q0VDD8	0.3914236
Q0VDG4	0.9183436
Q0VDI3	0.25026953
Q0VF96	0.25698268
Q0VG06	0.39745623
Q0VGE8	0.98841256
Q0VGL1	0.99537367
Q0ZLH3	0.46463734
Q10469	0.47435394
Q10471	0.8987835
Q10567	0.87193507
Q10570	0.49173743
Q10571	0.46500966
Q10589	0.6051982
Q10713	0.55280423
Q10981	0.3950423
Q11130	0.4907935
Q12756	0.52592164
Q12765	0.3628839
Q12766	0.99983835
Q12767	0.99986386
Q12768	0.50942165
Q12772	0.9110038
Q12774	0.63908374
Q12778	0.31629118
Q12788	0.99996567
Q12789	0.99992394
Q12796	0.92676073
Q12797	0.375613
Q12800	0.8090762
Q12802	0.560599
Q12805	0.45819998
Q12816	0.998657
Q12824	0.7836021
Q12830	0.35969278
Q12834	0.41893467
Q12840	0.27753648
Q12841	0.83321756
Q12846	0.34194368
Q12849	0.76834774
Q12852	0.35040164
Q12857	0.8425006
Q12864	0.6192536
Q12866	0.5272755
Q12870	0.8440288
Q12872	0.70509714
Q12873	0.896895
Q12874	0.4715543
Q12887	0.4241985
Q12888	0.9999287
Q12893	0.6847525
Q12894	0.34616464
Q12899	0.37381655
Q12901	0.78388864
Q12904	0.36654678
Q12905	0.60949385
Q12906	0.8940276
Q12912	0.967883
Q12918	0.6099878
Q12923	0.4717613
Q12926	0.4700483
Q12929	0.6765825
Q12931	0.56124693
Q12933	0.36283648
Q12934	0.342447
Q12946	0.3359349
Q12948	0.31327662
Q12950	0.4419546
Q12951	1.0
Q12955	0.79466623
Q12959	0.999694
Q12962	0.884415
Q12967	0.5146563
Q12968	0.32838717
Q12972	0.58217037
Q12979	0.47749764
Q12980	0.40658835
Q12981	0.36498335
Q12983	0.443011
Q12986	0.51526517
Q12996	0.34134796
Q13009	0.38747793
Q13011	0.927496
Q13015	0.13485597
Q13017	0.18287732
Q13018	0.28061357
Q13029	0.6892296
Q13033	0.5837437
Q13043	0.9999956
Q13045	0.54727286
Q13049	0.92648494
Q13057	0.87730026
Q13061	0.32571217
Q13064	0.4568596
Q13065	0.4358411
Q13077	0.3747997
Q13084	0.6458737
Q13085	0.74844074
Q13087	0.4662737
Q13093	0.9028439
Q13107	0.99681073
Q13111	0.2462054
Q13112	0.4364112
Q13113	0.9549083
Q13115	0.7374867
Q13123	0.9952905
Q13126	0.5734283
Q13127	0.40474418
Q13129	0.4741342
Q13131	0.99385566
Q13136	0.5186081
Q13137	0.9503273
Q13144	0.40350553
Q13145	0.91966194
Q13148	0.90116626
Q13151	0.5862668
Q13153	0.7270061
Q13155	0.6136786
Q13158	0.43481195
Q13162	0.56539965
Q13163	0.9990237
Q13164	0.264819
Q13177	0.8009018
Q13185	0.94149464
Q13188	0.79355955
Q13190	0.6518745
Q13191	0.29028034
Q13201	0.42040884
Q13202	0.44037178
Q13203	0.5847474
Q13206	0.9583839
Q13207	0.4788119
Q13216	0.44238645
Q13217	0.36744246
Q13219	0.6111286
Q13227	0.52150667
Q13228	0.93119836
Q13232	0.49646217
Q13233	0.081534855
Q13239	0.21423377
Q13242	0.35314533
Q13243	0.51515394
Q13247	0.9419523
Q13255	0.75912744
Q13257	0.2204084
Q13261	0.3773637
Q13263	0.5838408
Q13268	0.40426964
Q13277	0.9999794
Q13283	0.7262792
Q13287	0.36012954
Q13304	0.95504606
Q13309	0.45249063
Q13310	0.633694
Q13315	0.44820622
Q13322	0.62623173
Q13325	0.48226255
Q13326	0.4782949
Q13330	0.9300896
Q13332	0.37186226
Q13336	0.9948421
Q13342	0.93051505
Q13347	0.6082646
Q13351	0.1472677
Q13352	0.39483094
Q13356	0.41051075
Q13362	0.52283466
Q13363	0.4861596
Q13368	0.7412168
Q13370	0.367993
Q13371	0.7571373
Q13393	0.35826197
Q13394	0.5904881
Q13395	0.98066264
Q13398	0.8524095
Q13402	0.1846626
Q13404	0.3380542
Q13409	0.9142248
Q13415	0.72572106
Q13416	0.9803586
Q13418	0.37544724
Q13421	0.9874071
Q13422	0.4232456
Q13423	0.48614427
Q13426	0.5612123
Q13427	0.9420304
Q13428	0.99999857
Q13435	0.6790918
Q13438	0.20404941
Q13439	0.8320635
Q13442	0.45387885
Q13443	0.6063527
Q13444	0.8949234
Q13449	0.5246452
Q13451	0.48046988
Q13459	0.49088487
Q13469	0.40229866
Q13470	0.25933072
Q13474	0.8244909
Q13478	0.6315551
Q13480	0.6797449
Q13485	0.31757554
Q13487	0.41081902
Q13488	0.7194089
Q13489	0.36032853
Q13490	0.5117859
Q13492	0.97916996
Q13495	0.51878816
Q13496	0.7109714
Q13501	0.9999945
Q13503	0.4913115
Q13505	0.7875356
Q13506	0.5640153
Q13515	0.44384342
Q13516	0.37197304
Q13523	0.89807695
Q13526	0.68925864
Q13535	0.35595182
Q13546	0.35367024
Q13547	0.51831865
Q13554	0.33013982
Q13555	0.71847886
Q13557	0.33013982
Q13561	0.34530753
Q13563	0.61700857
Q13564	0.49185577
Q13569	0.5496431
Q13571	0.37308574
Q13572	0.23025915
Q13573	0.9985006
Q13574	0.35446078
Q13576	0.76327455
Q13585	0.62232566
Q13586	0.43704233
Q13588	0.6136302
Q13595	0.81775504
Q13596	0.99485344
Q13601	0.9998091
Q13608	0.78989756
Q13610	0.99785125
Q13613	0.32145733
Q13614	0.49661642
Q13615	0.86836183
Q13616	0.77796626
Q13617	0.52517635
Q13619	0.5306644
Q13620	0.5306644
Q13621	0.33574834
Q13625	0.5403548
Q13627	0.7676004
Q13630	0.76386404
Q13635	0.48526168
Q13637	0.91197574
Q13641	0.84180206
Q13642	0.46111384
Q13643	0.56272185
Q13671	0.66219896
Q13683	0.38751897
Q13685	0.7587274
Q13702	0.38671836
Q13705	0.95303637
Q13724	0.29163632
Q13751	0.78394574
Q13753	0.48424515
Q13761	0.84441036
Q13769	0.53837687
Q13772	0.99996305
Q13794	0.4463522
Q13795	0.44172758
Q13796	0.63374144
Q13797	0.4726935
Q13813	0.7830661
Q13822	0.64532906
Q13823	0.99992883
Q13829	0.9997266
Q13835	0.44702852
Q13838	0.9998801
Q13867	0.9986494
Q13868	0.7856982
Q13873	0.4861112
Q13882	0.534458
Q13885	0.12609749
Q13886	0.86725974
Q13887	0.9633823
Q13888	0.5877716
Q13889	0.3545037
Q13895	1.0
Q13901	0.99612564
Q13938	0.22488153
Q13950	0.4750314
Q13951	0.38368693
Q13952	0.50188583
Q13972	0.73440623
Q13976	0.99999976
Q14004	0.44221005
Q14005	0.6972266
Q14008	0.56553423
Q14011	0.3637668
Q14012	0.39552927
Q14028	0.67506343
Q14031	0.2977423
Q14032	0.9634332
Q14050	0.48790628
Q14055	0.8375474
Q14061	0.6189031
Q14088	0.986878
Q14094	0.9538216
Q14103	0.65250784
Q14106	0.44539464
Q14108	0.84858745
Q14112	0.30592483
Q14116	0.94586843
Q14118	0.9758748
Q14119	0.9122297
Q14123	0.41897878
Q14126	0.604047
Q14134	0.31646222
Q14135	0.9997559
Q14137	0.99987555
Q14139	0.73346555
Q14140	0.49964666
Q14141	0.59344125
Q14142	0.8310419
Q14145	0.7129333
Q14146	0.9982937
Q14147	0.49487108
Q14149	0.61927027
Q14151	0.58874124
Q14152	0.20768131
Q14153	0.5717285
Q14154	0.47989008
Q14156	0.44292894
Q14157	0.97740173
Q14159	0.6640946
Q14160	0.50590837
Q14161	0.4462958
Q14164	0.31593743
Q14166	0.5223029
Q14168	0.39337745
Q14181	0.49340075
Q14183	0.50176203
Q14185	0.65260196
Q14186	0.37102348
Q14188	0.81568635
Q14190	0.9948496
Q14191	0.9999863
Q14192	0.92552847
Q14194	0.5068055
Q14195	0.31267184
Q14197	0.3463667
Q14202	0.759625
Q14203	0.48223582
Q14204	0.24007405
Q14206	0.49981648
Q14207	0.99999523
Q14232	0.5940058
Q14240	0.3775697
Q14241	0.9999957
Q14244	0.37223879
Q14247	0.8043799
Q14257	0.9470668
Q14258	0.57199603
Q14264	0.9980332
Q14289	0.48784432
Q14296	0.57230604
Q14315	0.5591331
Q14318	0.5283247
Q14320	0.7244279
Q14332	0.7476896
Q14344	0.48207292
Q14376	0.99733526
Q14392	0.46077317
Q14393	0.23040816
Q14397	0.49674404
Q14432	0.19655621
Q14435	0.9861436
Q14449	0.2594808
Q14451	0.37189865
Q14469	0.5197114
Q14493	0.9953022
Q14494	0.40949327
Q14498	0.6039094
Q14500	0.47836262
Q14508	0.2900906
Q14511	0.4170835
Q14526	0.92557895
Q14527	0.46181697
Q14534	0.795803
Q14542	0.43695647
Q14554	0.9287917
Q14558	0.5798889
Q14562	0.9440609
Q14563	0.9999441
Q14565	0.57468486
Q14566	0.53298
Q14571	0.36647767
Q14573	0.999671
Q14574	0.47592962
Q14582	0.4974036
Q14584	1.0
Q14586	0.63932437
Q14587	0.35941783
Q14588	0.99456465
Q14590	0.5535849
Q14592	0.22041614
Q14593	0.34571785
Q14596	0.9806912
Q14624	0.9985108
Q14642	0.26529104
Q14643	0.9434301
Q14653	0.7836238
Q14656	0.40306258
Q14657	0.655053
Q14667	0.5099705
Q14669	0.9998167
Q14671	0.989999
Q14674	0.94127035
Q14676	0.9937913
Q14677	0.92232364
Q14678	0.4165991
Q14679	0.7626301
Q14683	0.84059227
Q14684	0.99999547
Q14686	0.8047741
Q14687	0.5513184
Q14689	0.25140595
Q14690	0.9998142
Q14691	0.340356
Q14692	0.999895
Q14693	0.99151915
Q14694	0.9267897
Q14696	0.99935466
Q14697	0.5895361
Q14714	0.28307977
Q14728	0.40378132
Q14738	0.6306658
Q14739	0.50802076
Q14746	0.7826753
Q14749	0.3061905
Q14764	0.45929682
Q14766	0.4928172
Q14767	0.55720323
Q14774	0.55438787
Q14781	0.7910277
Q14789	0.80885774
Q14790	0.57650524
Q147U1	0.68695414
Q147X3	0.5220639
Q14807	0.9971163
Q14814	1.0
Q14831	0.5624545
Q14839	0.47977418
Q14847	0.46261525
Q14865	0.61029285
Q14872	0.4053086
Q14894	0.19127952
Q14916	0.7072633
Q14919	0.6138376
Q14929	0.9942069
Q14934	0.86583483
Q14938	0.66722006
Q14940	0.49516517
Q14966	0.8779641
Q14974	0.42966387
Q14978	0.99947196
Q14980	0.48337135
Q14994	0.35978094
Q14995	0.4030513
Q14997	0.5031575
Q149N8	0.49107358
Q14BN4	0.6047741
Q14C86	0.3998275
Q14CB8	0.41851616
Q14CS0	0.5609696
Q14CW9	0.9733493
Q14CX5	0.8683086
Q14CX7	0.3793353
Q14CZ0	0.7661859
Q14CZ7	0.3094187
Q14CZ8	0.875819
Q14D04	0.4933148
Q15003	0.62565094
Q15004	0.8158877
Q15005	0.73784673
Q15007	0.8001493
Q15008	0.99990475
Q15011	0.646733
Q15012	0.9968081
Q15013	0.37490547
Q15014	0.47734985
Q15018	0.34193936
Q15019	0.57395977
Q15021	0.3650177
Q15022	0.9996896
Q15024	0.73472834
Q15025	0.6603057
Q15027	0.6369461
Q15029	0.5748104
Q15031	0.3066099
Q15032	0.29996508
Q15034	0.5314331
Q15035	0.21312304
Q15036	0.8432666
Q15038	0.48104125
Q15041	0.34638873
Q15042	0.5709087
Q15043	0.8680187
Q15046	0.48111758
Q15047	0.55734366
Q15048	0.35684076
Q15050	0.9998086
Q15051	0.18967155
Q15052	0.28289822
Q15053	0.4897041
Q15054	0.40368706
Q15056	0.9031324
Q15057	0.82788086
Q15058	0.22574237
Q15059	0.9720852
Q15063	0.4634931
Q15067	0.5583365
Q15070	0.9329814
Q15072	0.99923027
Q15075	0.9999999
Q15078	0.7637433
Q15080	0.1205184
Q15084	0.43834123
Q15102	0.3437725
Q15109	0.85121286
Q15113	0.8909927
Q15118	0.9877571
Q15119	0.63828504
Q15120	0.44694406
Q15121	0.43699038
Q15125	0.3540252
Q15131	0.6958985
Q15139	0.33567378
Q15147	0.5559786
Q15149	0.43226385
Q15154	0.5075823
Q15155	0.22465017
Q15170	0.50224966
Q15172	0.226469
Q15181	0.99529666
Q15185	0.53465277
Q15198	0.97173643
Q15208	0.79390657
Q15233	0.39341313
Q15256	0.35593393
Q15257	0.331712
Q15262	0.62024844
Q15269	0.99963987
Q15276	0.5139057
Q15283	0.87258726
Q15287	0.4660955
Q15291	0.5678313
Q15293	0.5000435
Q15306	0.51188713
Q15311	0.46083003
Q15319	0.36399397
Q15326	0.86568886
Q15327	0.84986526
Q15329	0.6279085
Q15345	0.99800926
Q15349	0.66749966
Q15361	0.523708
Q15363	0.8733743
Q15365	0.98155427
Q15366	0.5348249
Q15369	0.45813522
Q15386	0.5687636
Q15388	0.66972965
Q15390	0.45397657
Q15393	0.9385936
Q15397	0.9998739
Q15398	0.63232034
Q15404	0.95938224
Q15406	0.5770081
Q15413	0.90543735
Q15417	0.4719121
Q15418	0.4484796
Q15424	0.58895713
Q15427	0.6258039
Q15428	0.54404783
Q15434	0.691254
Q15435	0.83578426
Q15436	0.97996074
Q15437	0.995752
Q15438	0.48133478
Q15459	0.785769
Q15464	0.7022831
Q15468	0.47887114
Q15475	0.790878
Q15477	0.32344046
Q15493	0.45730883
Q15506	0.59413725
Q15527	0.99997413
Q15528	0.43170503
Q15532	0.21895714
Q15542	0.42877337
Q15543	0.48514774
Q15544	0.27536723
Q15545	0.962648
Q15546	0.49964678
Q15554	0.9952192
Q15555	0.26756844
Q15560	0.57784534
Q15561	0.31695005
Q15562	0.373468
Q15572	0.7763045
Q15573	0.24177723
Q15583	0.30905822
Q15596	0.9584883
Q15599	0.5171758
Q155Q3	0.6325221
Q15628	0.19753477
Q15633	0.8219662
Q15637	0.40736672
Q15642	0.96731824
Q15643	0.88835055
Q15645	0.89585423
Q15646	0.5843383
Q15648	0.2992199
Q15649	0.48884895
Q15650	0.96522987
Q15651	0.5082386
Q15652	0.50880677
Q15653	0.54504603
Q15654	0.69621676
Q15678	0.66133404
Q15691	0.40096498
Q15697	0.529243
Q15699	0.9994997
Q15700	0.4344989
Q15714	0.85366184
Q15717	0.5286915
Q15723	0.9988142
Q15726	0.97097313
Q15735	0.99846363
Q15738	0.8212922
Q15742	0.44352844
Q15744	0.9224132
Q15746	0.3585433
Q15750	0.99851173
Q15758	0.7998818
Q15759	0.48519388
Q15762	0.54168403
Q15768	0.62743276
Q15771	0.9377751
Q15772	0.42135227
Q15773	0.76689994
Q15776	0.5002373
Q15777	0.7614504
Q15785	0.49342832
Q15788	0.49387053
Q15796	0.32285696
Q15797	0.18080407
Q15811	0.3223638
Q15814	0.2379694
Q15819	0.3380542
Q15828	0.99993527
Q15831	0.7416744
Q15833	0.4978114
Q15843	0.70982933
Q15846	0.468839
Q15847	0.3857549
Q15853	0.95965827
Q15858	0.42293116
Q15878	0.30094713
Q15904	0.9984207
Q15906	0.9985619
Q15907	0.81814337
Q15910	0.5222459
Q15915	0.503718
Q15916	0.54040533
Q15935	0.78358996
Q15937	0.50811297
Q15942	0.7909201
Q15973	0.33224958
Q16181	0.9966145
Q16186	0.20356262
Q16204	0.42960972
Q16206	0.96087766
Q16222	0.6372491
Q16236	0.8754731
Q16254	0.27675852
Q16270	0.68579614
Q16288	0.99988973
Q16322	0.6923039
Q16342	0.39253914
Q16352	0.38378316
Q16363	0.6747313
Q16378	0.9999769
Q16384	0.9616916
Q16401	0.3711773
Q16478	0.2868975
Q16512	0.9985966
Q16513	0.5021374
Q16520	0.41555312
Q16526	0.39008608
Q16531	0.476868
Q16533	0.9869048
Q16534	0.29716334
Q16537	0.9542022
Q16538	0.8526352
Q16539	0.95839936
Q16540	0.5207169
Q16543	0.53135926
Q16549	0.7885066
Q16555	0.8114162
Q16559	0.24348263
Q16560	0.998547
Q16566	0.89046353
Q16584	0.31655377
Q16585	0.6668206
Q16587	0.53112155
Q16589	0.2623742
Q16595	0.35411435
Q16600	0.844175
Q16602	0.6570089
Q16610	0.20518354
Q16612	0.40528172
Q16613	0.43908074
Q16617	0.94528323
Q16620	0.49939302
Q16621	0.35719636
Q16625	0.7631276
Q16626	0.7142284
Q16629	0.32435066
Q16630	0.48109636
Q16635	0.32324767
Q16643	0.7615808
Q16644	0.5432444
Q16647	0.15030007
Q16649	0.9989235
Q16651	0.38251054
Q16656	0.23921408
Q16658	0.42049333
Q16659	0.42791378
Q16663	0.77581024
Q16665	0.9162302
Q16666	0.9846528
Q16667	0.86091965
Q16670	0.6184313
Q16678	0.35779524
Q16695	0.5149093
Q16698	0.35772157
Q16706	0.8904968
Q16719	0.44881284
Q16720	0.5512173
Q16740	0.81465155
Q16760	0.2318101
Q16762	0.8799226
Q16763	0.4167377
Q16769	0.20385619
Q16772	0.6564361
Q16773	0.46350864
Q16774	0.24872385
Q16778	0.42683145
Q16787	0.66586286
Q16790	0.4480987
Q16795	0.46601358
Q16799	0.9999937
Q16822	0.6816545
Q16825	0.5094348
Q16828	0.4238255
Q16831	0.4792959
Q16832	0.3530975
Q16836	0.67594814
Q16842	0.67639655
Q16849	0.14647104
Q16850	0.25805295
Q16851	0.5234654
Q16853	0.82504624
Q16875	0.3874567
Q16877	0.5279844
Q16878	0.38171324
Q16880	0.55801076
Q16881	0.6231271
Q16890	0.8370708
Q16891	0.41327345
Q17R31	0.48574522
Q17R98	0.31728593
Q17RB8	0.7304629
Q17RD7	0.23397028
Q17RN3	0.68599993
Q17RP2	0.7530497
Q17RS7	0.7090926
Q17RY0	0.39356038
Q17RY6	0.39180207
Q18PE1	0.37355646
Q19AV6	0.28949764
Q19T08	0.983808
Q1ED39	0.9999703
Q1KMD3	0.31242362
Q1L5Z9	0.46417716
Q1L6U9	0.9999933
Q1MSJ5	0.5227821
Q1RMZ1	0.97932327
Q1W4C9	0.109900095
Q1ZYL8	0.6034752
Q1ZZU3	0.24210702
Q24JP5	0.4769181
Q24JQ0	0.37540954
Q27J81	0.93498147
Q29980	0.47984114
Q29RF7	0.34846607
Q2I0M4	0.6601632
Q2KHM9	0.59393233
Q2KHR2	0.52693784
Q2KHR3	0.60870403
Q2KHT3	0.9888891
Q2KJY2	0.36752698
Q2LD37	0.46355775
Q2M1K9	0.37681365
Q2M1V0	0.9333361
Q2M218	0.34782442
Q2M296	0.5281613
Q2M2H8	0.73505217
Q2M2I5	0.60618895
Q2M2I8	0.3180542
Q2M2W7	0.40873462
Q2M389	0.45038298
Q2M3C6	0.50424695
Q2M3G4	0.7610213
Q2M3M2	0.46744087
Q2M3W8	0.6313063
Q2MJR0	0.2943122
Q2MV58	0.3650621
Q2NKX8	0.61115175
Q2NKX9	0.322693
Q2NL67	0.6290292
Q2NL68	0.7151268
Q2NL82	0.21848315
Q2PPJ7	0.7383496
Q2PZI1	0.9439671
Q2Q1W2	0.7052167
Q2QGD7	0.8826197
Q2QL34	0.8792452
Q2T9J0	0.6331555
Q2T9K0	0.40687293
Q2T9L4	0.49005303
Q2TAA2	0.2662921
Q2TAA8	0.22352792
Q2TAC2	0.47858024
Q2TAC6	0.34214482
Q2TAK8	0.4057741
Q2TAL8	0.6260696
Q2TAM9	0.9999993
Q2TAY7	0.6780059
Q2TAZ0	0.9790429
Q2TB10	0.99995995
Q2TB18	0.501664
Q2TB90	0.47666824
Q2TBC4	0.3622148
Q2TBE0	0.92866874
Q2TBF2	0.43509042
Q2UY09	0.20815904
Q2VIQ3	0.7038396
Q2VPB7	0.83743155
Q2VPJ9	0.9193278
Q2VPK5	0.89954084
Q2VWP7	0.9998424
Q2VYF4	0.53129864
Q2WGJ6	0.9928463
Q2Y0W8	0.36531177
Q2YD98	0.47938547
Q30201	0.8153756
Q309B1	0.12331398
Q32M84	0.99962366
Q32M88	0.3145997
Q32MH5	0.46639207
Q32MZ4	0.75377643
Q32NB8	0.5224602
Q32NC0	0.9518804
Q32P28	0.999816
Q32P41	0.7625232
Q32ZL2	0.46386567
Q33E94	0.30851635
Q38SD2	0.6736522
Q3B726	0.99998116
Q3B7J2	0.33573976
Q3B7T1	0.49400336
Q3B7T3	0.5019373
Q3B8N2	0.475717
Q3BBV0	0.665336
Q3C1V1	0.798041
Q3KNS6	0.52541864
Q3KNV8	0.5601793
Q3KNW1	0.13711391
Q3KP31	0.39555964
Q3KQU3	0.514058
Q3KQV3	0.7140882
Q3KQV9	0.42333397
Q3KQZ1	0.95882386
Q3KR16	0.4109348
Q3KR37	0.69765353
Q3KRA6	0.44764683
Q3KRA9	0.7954948
Q3L8U1	0.85533917
Q3LHN0	0.2680161
Q3LXA3	0.23012047
Q3MHD2	0.84662676
Q3MIN7	0.2334072
Q3MIP1	0.50586766
Q3MIS6	0.91485715
Q3MIT2	0.99440706
Q3MIX3	0.25416794
Q3MJ13	0.999198
Q3SXP7	0.9582192
Q3SXY7	0.64338946
Q3SXY8	0.43568504
Q3SXZ7	0.5200298
Q3SY17	0.14626338
Q3SY52	0.41439483
Q3SY56	0.48654544
Q3SY69	0.53192776
Q3SY77	0.29427117
Q3SYB3	0.4419547
Q3T8J9	0.9734659
Q3T906	0.6691401
Q3V5L5	0.4454487
Q3YBM2	0.53027385
Q3YBR2	0.37603524
Q3YEC7	0.20110793
Q3ZCN5	0.43933195
Q3ZCQ2	0.4974575
Q3ZCQ3	0.5555598
Q3ZCQ8	0.4963362
Q3ZCT1	0.3640346
Q3ZCU0	0.76953584
Q3ZCW2	0.95239115
Q460N3	0.48744428
Q460N5	0.91713446
Q494R4	0.52420294
Q494U1	0.9994043
Q494X3	0.9498711
Q495B1	0.4289851
Q495W5	0.37551174
Q496A3	0.43758738
Q496J9	0.50352967
Q496Y0	0.36451668
Q499Z3	0.33489072
Q499Z4	0.4295701
Q49A26	0.99948573
Q49A88	0.48736623
Q49A92	0.99892634
Q49AA0	0.49964264
Q49AG3	0.9193961
Q49AJ0	0.9317085
Q49AM3	0.44142047
Q49AN0	0.8138833
Q49AR2	0.37557766
Q49B96	0.61717135
Q49MI3	0.3640083
Q4AC94	0.3514312
Q4AE62	0.35618776
Q4FZB7	0.3910679
Q4G0A6	0.7096032
Q4G0J3	0.3460114
Q4G0M1	0.4283727
Q4G0N7	0.9601907
Q4G0P3	0.4251425
Q4G0S4	0.9443073
Q4G0S7	0.53560865
Q4G0W2	0.6594923
Q4G0X4	0.32933262
Q4G0X9	0.2586825
Q4G0Z9	0.64271915
Q4JDL3	0.5256249
Q4KMG9	0.9619229
Q4KMQ1	0.7235717
Q4KMQ2	0.34074226
Q4KMZ1	0.99998033
Q4KWH8	0.99891484
Q4L180	0.53608763
Q4LDG9	0.76403934
Q4LE39	0.57731146
Q4LEZ3	0.9617971
Q4U2R6	0.8672923
Q4V321	0.4358411
Q4V326	0.4358411
Q4V328	0.9001306
Q4V339	0.18138747
Q4VC05	0.9993216
Q4VC12	0.96223897
Q4VC31	0.46470183
Q4VC39	0.5389453
Q4VC44	0.71290797
Q4VCS5	0.1499979
Q4VNC1	0.6497609
Q4VX76	0.9997435
Q4VXA5	0.44460183
Q4VXU2	0.4511215
Q4W4Y0	0.3512298
Q4W5G0	0.6587354
Q4ZG55	0.37157115
Q4ZHG4	0.9878369
Q4ZIN3	0.50312585
Q4ZJI4	0.519617
Q502W6	0.66661346
Q502W7	0.5408082
Q502X0	0.36614048
Q504T8	0.37317657
Q504U0	0.34215006
Q504Y3	0.4295779
Q50LG9	0.285992
Q52LA3	0.5813646
Q52LC2	0.40866566
Q52LJ0	0.97310436
Q52LR7	0.4153279
Q52LW3	0.5446159
Q52M93	0.99958044
Q52MB2	0.24079423
Q538Z0	0.5479694
Q53EL6	0.45537958
Q53EL9	0.1724421
Q53EP0	0.42043117
Q53ET0	0.4654532
Q53EU6	0.13706464
Q53EV4	0.9671979
Q53EZ4	0.74508315
Q53F19	0.6907278
Q53F39	0.40529528
Q53FA7	0.84061897
Q53FD0	0.99651873
Q53FP2	0.58448726
Q53FV1	0.31475404
Q53G44	0.7267022
Q53G59	0.85116285
Q53GA4	0.4875118
Q53GI3	0.5195295
Q53GL0	0.7137986
Q53GL7	0.99998593
Q53GS7	0.42246082
Q53GS9	0.3654667
Q53GT1	0.67497844
Q53H12	0.99910295
Q53H47	0.9999894
Q53H54	0.7250277
Q53H76	0.846798
Q53H80	0.31741604
Q53H82	0.39173752
Q53H96	0.27737144
Q53HC0	0.6830274
Q53HC9	0.99160635
Q53HL2	0.9984357
Q53HV7	0.9893673
Q53LP3	0.20629933
Q53QV2	0.9660949
Q53QZ3	0.86451316
Q53R12	0.46200714
Q53R41	0.7081466
Q53RD9	0.49859065
Q53RE8	0.5967028
Q53RY4	0.5232248
Q53S08	0.85780865
Q53S58	0.9617936
Q53SF7	0.9258514
Q53T59	0.9993292
Q53T94	0.8200781
Q53TN4	0.5143274
Q562E7	0.49329373
Q562F6	0.9930234
Q567U6	0.9776254
Q567V2	0.26648322
Q569H4	0.6585238
Q569K4	0.9929588
Q56A73	0.3473184
Q56NI9	0.76620215
Q56P03	0.9816836
Q56UN5	0.40566018
Q56VL3	0.7331813
Q58DX5	0.47129062
Q58EX2	0.43433487
Q58EX7	0.33119643
Q58WW2	0.4132233
Q59EK9	0.62025476
Q5BJD5	0.79930115
Q5BJF2	0.30337822
Q5BJF6	0.49346557
Q5BJH7	0.5951616
Q5BKT4	0.41218647
Q5BKU9	0.80200493
Q5BKX6	0.9396759
Q5BKX8	0.57410884
Q5BKY9	0.6027162
Q5BKZ1	0.48680454
Q5BLP8	0.50735253
Q5BN46	0.31121552
Q5C9Z4	0.9710187
Q5CZC0	0.50384104
Q5D0E6	0.97116965
Q5D1E8	0.9753915
Q5DJT8	0.9999378
Q5DX21	0.4678125
Q5EB52	0.4242426
Q5EBL2	0.3965843
Q5EBL4	0.4209487
Q5EBM0	0.18568435
Q5EBN2	0.508934
Q5EE01	0.52711636
Q5EG05	0.61812913
Q5F1R6	0.9086673
Q5FBB7	0.74732065
Q5FVE4	0.46953622
Q5FWE3	0.3180378
Q5FWF4	0.5470819
Q5FWF6	0.5166477
Q5FWF7	0.99926466
Q5FYB0	0.61089236
Q5FYB1	0.4281162
Q5GAN4	0.49133778
Q5GH70	0.5554542
Q5GH73	0.5058231
Q5GJ75	0.18125811
Q5GLZ8	0.3766348
Q5H8A4	0.99855334
Q5H9F3	0.22546448
Q5H9K5	0.35889968
Q5H9L2	0.48664725
Q5H9L4	0.39847326
Q5H9R4	0.7245163
Q5H9R7	0.5917675
Q5H9S7	0.3823671
Q5H9U9	0.27980697
Q5HY92	0.5231271
Q5HY98	0.83281773
Q5HYC2	0.9984206
Q5HYI7	0.7690501
Q5HYI8	0.35721
Q5HYJ3	0.7134223
Q5HYK3	0.9840426
Q5HYK7	0.3878027
Q5HYK9	0.5504129
Q5HYM0	0.99898857
Q5HYN5	0.9999378
Q5HYW3	0.39353094
Q5I0X4	0.97475004
Q5I0X7	0.8409422
Q5I7T1	0.41218647
Q5J8M3	0.4962051
Q5JPF3	0.5617491
Q5JPH6	0.3674038
Q5JPI3	0.7339741
Q5JPI9	0.49543276
Q5JQS6	0.31821033
Q5JR12	0.96308744
Q5JR59	0.37491265
Q5JRA6	0.69547445
Q5JRV8	0.6988142
Q5JRX3	0.7630677
Q5JS54	0.41818655
Q5JSH3	0.78197426
Q5JSJ4	0.62875056
Q5JSL3	0.9967175
Q5JSP0	0.23665228
Q5JSZ5	0.82666296
Q5JTC6	0.9767421
Q5JTD0	0.8268405
Q5JTD7	0.67589056
Q5JTH9	0.2907292
Q5JTJ3	0.59040266
Q5JTV8	0.6560595
Q5JTY5	0.18138744
Q5JTZ5	0.44887355
Q5JTZ9	0.80082613
Q5JU00	0.8625356
Q5JU67	0.97894603
Q5JU85	0.64410603
Q5JUK2	0.9429316
Q5JUQ0	0.8924541
Q5JUW0	0.8795799
Q5JUX0	0.48227155
Q5JVF3	0.9741431
Q5JVG2	0.24968599
Q5JVL4	0.30072892
Q5JWR5	0.46955225
Q5JXA9	0.96841943
Q5JXC2	0.40613407
Q5JXX7	0.80161655
Q5JY77	0.15690733
Q5JYT7	0.99979955
Q5K4L6	0.9263176
Q5K651	0.95933175
Q5KU26	0.6474491
Q5M7Z0	0.7433866
Q5M8T2	0.8305254
Q5MCW4	0.82002443
Q5MIZ7	0.7641559
Q5MJ09	0.99955744
Q5MJ10	0.99955744
Q5MJ70	0.16338702
Q5MNZ6	0.6707698
Q5MY95	0.51397353
Q5NDL2	0.3766242
Q5NUL3	0.6025724
Q5PRF9	0.2742231
Q5PSV4	0.32052103
Q5PT55	0.41633412
Q5QGS0	0.4385064
Q5QJ38	0.6621956
Q5QJ74	0.3192468
Q5QJE6	0.99919873
Q5QNW6	0.42683145
Q5QP82	0.8465155
Q5R3F8	0.99994004
Q5R3I4	0.8520333
Q5RI15	0.51843184
Q5RIA9	0.18138747
Q5RL73	0.64812994
Q5S007	0.46828613
Q5SGD2	0.36034846
Q5SNT2	0.4394048
Q5SQI0	0.42205992
Q5SQN1	0.360482
Q5SQQ9	0.95166725
Q5SR56	0.3135543
Q5SRE5	0.4433822
Q5SRE7	0.6708106
Q5SRH9	0.6651633
Q5SRI9	0.53697014
Q5SRR4	0.63313496
Q5SSJ5	0.9964265
Q5SSQ6	0.8466439
Q5ST30	0.3583618
Q5SVQ8	0.3606854
Q5SVS4	0.25263345
Q5SVZ6	0.8488205
Q5SW79	0.54247373
Q5SW96	0.15247458
Q5SWA1	0.8743463
Q5SWH9	0.5142018
Q5SWW7	0.43265024
Q5SWX8	0.7825002
Q5SXH7	0.8711164
Q5SXM1	0.77081776
Q5SXM2	0.7071449
Q5SXM8	0.64239866
Q5SY16	0.41377726
Q5SYE7	0.43511927
Q5SZD1	0.76437145
Q5SZJ8	0.45317313
Q5SZK8	0.4474484
Q5SZQ8	0.21171366
Q5T011	0.95153254
Q5T013	0.37253627
Q5T035	0.4134315
Q5T089	0.45331135
Q5T0B9	0.41025987
Q5T0D9	0.5724225
Q5T0F9	0.9990101
Q5T0N5	0.3633177
Q5T0U0	0.39807272
Q5T0Z8	0.23709251
Q5T124	0.2732788
Q5T160	0.5085209
Q5T1M5	0.95782334
Q5T1Q4	0.40314543
Q5T1R4	0.344503
Q5T1V6	0.2932113
Q5T200	0.874893
Q5T280	0.5588167
Q5T2D3	0.46071193
Q5T2E6	0.98578346
Q5T2N8	0.5466345
Q5T2R2	0.4525626
Q5T2T1	0.3772186
Q5T2W1	0.99347454
Q5T3F8	0.83098006
Q5T3I0	0.9998636
Q5T3J3	0.5954608
Q5T440	0.45421386
Q5T481	0.50230235
Q5T4B2	0.9076263
Q5T4D3	0.5946117
Q5T4F4	0.5376554
Q5T4I8	0.9997508
Q5T4S7	0.7367168
Q5T4T1	0.37824064
Q5T4T6	0.4802541
Q5T5A4	0.9973393
Q5T5C0	0.4732909
Q5T5D7	0.2784368
Q5T5J6	0.42116538
Q5T5M9	0.49926746
Q5T5N4	0.33307946
Q5T5P2	0.26187226
Q5T5U3	0.48533657
Q5T5X7	0.3823588
Q5T5Y3	0.3659425
Q5T653	0.3668325
Q5T655	0.51439977
Q5T686	0.3310852
Q5T6C5	0.99819225
Q5T6F2	0.37018138
Q5T6J7	0.38378352
Q5T6L9	0.5712315
Q5T6V5	0.9767716
Q5T700	0.9836769
Q5T7M4	0.9266379
Q5T7M9	0.70436984
Q5T7N3	0.47366613
Q5T7P8	0.96701837
Q5T7V8	0.834908
Q5T7W0	0.9184266
Q5T7W7	0.33825955
Q5T848	0.48447192
Q5T890	0.49621466
Q5T8A7	0.57518274
Q5T8D3	0.9971565
Q5T8I3	0.72862345
Q5T8I9	0.379877
Q5T8P6	0.9998561
Q5T953	0.60630274
Q5T9A4	0.66295856
Q5T9C2	0.4153273
Q5T9C9	0.53484344
Q5T9G4	0.90625674
Q5T9S5	0.6699958
Q5TA31	0.5221649
Q5TA45	0.22867788
Q5TA50	0.15847917
Q5TA89	0.4894329
Q5TAG4	0.665336
Q5TAP6	0.98891824
Q5TAQ9	0.3625051
Q5TAX3	0.61214346
Q5TB30	0.6668856
Q5TB80	0.64942485
Q5TBB1	0.4066965
Q5TBK1	0.52643275
Q5TC12	0.46928293
Q5TC79	0.9741709
Q5TC82	0.6732945
Q5TC84	0.5862859
Q5TCQ9	0.4610205
Q5TCS8	0.6603536
Q5TCX8	0.4820413
Q5TCY1	0.37815043
Q5TD94	0.85429186
Q5TDH0	0.4701642
Q5TDP6	0.9339049
Q5TEA3	0.48395216
Q5TEC3	0.38850608
Q5TEJ8	0.7801356
Q5TEZ5	0.3695206
Q5TF21	0.36867452
Q5TF39	0.3382187
Q5TF58	0.38321686
Q5TG30	0.8989999
Q5TGI0	0.3972061
Q5TGI4	0.9871459
Q5TGL8	0.5196272
Q5TGS1	0.38702545
Q5TGY1	0.22569145
Q5TGY3	0.9940187
Q5TGZ0	0.98688275
Q5TH74	0.27744225
Q5THJ4	0.61644953
Q5THK1	0.24628796
Q5THR3	0.44496053
Q5TIA1	0.21131624
Q5TID7	0.9410508
Q5TIE3	0.78753906
Q5TKA1	0.54079133
Q5TYM5	0.9904971
Q5TYW1	0.59365255
Q5TZA2	0.6513756
Q5U3C3	0.9875409
Q5U5Q3	0.57457453
Q5U5R9	0.41466734
Q5U5X8	0.34391838
Q5U649	0.94848424
Q5UAW9	0.98408335
Q5UIP0	0.7353183
Q5VIR6	0.35880184
Q5VSG8	0.8252908
Q5VSL9	0.14887652
Q5VST9	0.9840985
Q5VSY0	0.3735423
Q5VT06	0.843124
Q5VT25	0.4733686
Q5VT40	0.6074854
Q5VT52	0.99991095
Q5VT66	0.52427804
Q5VT79	0.46488622
Q5VT97	0.95777124
Q5VTB9	0.25511706
Q5VTE6	0.4265225
Q5VTJ3	0.6615689
Q5VTL7	0.4996787
Q5VTQ0	0.37092817
Q5VTR2	0.36667147
Q5VTT5	0.9999747
Q5VTY9	0.84743273
Q5VU43	0.847651
Q5VU65	0.9074785
Q5VU97	0.6406004
Q5VUA4	0.27694014
Q5VUB5	0.25663364
Q5VUD6	0.97973484
Q5VUE5	0.94658023
Q5VUG0	0.67577654
Q5VUJ6	0.9980165
Q5VUJ9	0.3319109
Q5VUM1	0.43589014
Q5VV16	0.4419547
Q5VV17	0.7494822
Q5VV42	0.9982133
Q5VV43	0.55988824
Q5VV52	0.48659486
Q5VV63	0.74678665
Q5VV67	0.6262918
Q5VVH5	0.8352125
Q5VVJ2	0.5853121
Q5VVQ6	0.99662185
Q5VVW2	0.9673039
Q5VW32	0.51492953
Q5VW36	0.38480058
Q5VW38	0.8323211
Q5VWG9	0.26374242
Q5VWJ9	0.65200907
Q5VWN6	0.39061716
Q5VWP2	0.47443444
Q5VWP3	0.5440678
Q5VWQ0	0.9953046
Q5VWZ2	0.44395646
Q5VX71	0.9924355
Q5VXD3	0.40930772
Q5VXT5	0.5787065
Q5VXU1	0.39861262
Q5VXU3	0.9986261
Q5VXU9	0.99989426
Q5VY09	0.34085062
Q5VY43	0.528241
Q5VYJ5	0.6825504
Q5VYK3	0.29492936
Q5VYM1	0.74793607
Q5VYS8	0.43180248
Q5VYV7	0.59417003
Q5VYY1	0.5020006
Q5VZ03	0.3375146
Q5VZ19	0.53812534
Q5VZ46	0.98930794
Q5VZ89	0.48756292
Q5VZB9	0.8797327
Q5VZE5	0.9607662
Q5VZF2	0.4500813
Q5VZI3	0.51228744
Q5VZK9	0.8468647
Q5VZL5	0.9917637
Q5VZM2	0.99991703
Q5VZP5	0.27808043
Q5VZY2	0.99960214
Q5W0B1	0.83857536
Q5W0U4	0.5697473
Q5W0V3	0.8133946
Q5W0Z9	0.5002197
Q5W111	0.44822317
Q5W5X9	0.34515744
Q5XG87	0.56186694
Q5XG92	0.3440787
Q5XG99	0.31826234
Q5XKK7	0.4714429
Q5XKL5	0.48134702
Q5XKP0	0.418039
Q5XPI4	0.28302836
Q5XUX0	0.37742665
Q5XUX1	0.78513134
Q5XX13	0.49878025
Q5ZPR3	0.67462826
Q629K1	0.48181096
Q63HK3	0.56218386
Q63HK5	0.95132375
Q63HM1	0.46888575
Q63HM2	0.45522535
Q63HM9	0.59237576
Q63HN8	0.5663679
Q63HQ0	0.5895601
Q641Q2	0.99999
Q64LD2	0.5228468
Q658L1	0.48448882
Q658N2	0.56261456
Q658P3	0.36725157
Q658Y4	0.31013724
Q659A1	0.97220606
Q659C4	0.60042197
Q66GS9	0.46047178
Q66K14	0.96229106
Q66K64	0.9999032
Q66K66	0.7598545
Q66K74	0.40435663
Q66K89	0.6255281
Q66LE6	0.4002877
Q674X7	0.7832023
Q676U5	0.41271248
Q67FW5	0.87045383
Q684P5	0.8409766
Q687X5	0.37061578
Q68BL7	0.61686826
Q68BL8	0.6354131
Q68CL5	0.99971086
Q68CP9	0.37178913
Q68CQ4	0.7312251
Q68CQ7	0.62178785
Q68CR1	0.5207908
Q68CZ1	0.8954896
Q68CZ2	0.8126418
Q68CZ6	0.5779215
Q68D06	0.38969186
Q68D10	0.6399838
Q68D42	0.75623
Q68D51	0.5797424
Q68D86	0.5638882
Q68D91	0.97747064
Q68DA7	0.3816289
Q68DC2	0.96681446
Q68DD2	0.6297274
Q68DE3	0.8254165
Q68DH5	0.41004765
Q68DI1	0.6118119
Q68DK7	0.7656272
Q68DL7	0.6726449
Q68DN1	0.9986072
Q68DQ2	0.33256635
Q68DU8	0.98673797
Q68DY1	0.673444
Q68DY9	0.4147459
Q68E01	0.9979978
Q68EA5	0.8826769
Q68EM7	0.34593847
Q68EN5	0.972439
Q68G74	0.32722723
Q68G75	0.5031131
Q693B1	0.6392596
Q695T7	0.9131396
Q69YG0	0.47311506
Q69YH5	0.72826564
Q69YI7	0.5378245
Q69YN2	0.8529391
Q69YN4	0.97846437
Q69YQ0	0.17522208
Q69YU3	0.4038502
Q69YU5	0.6719985
Q69YW2	0.1295615
Q6AHZ1	0.20656379
Q6AI08	0.25974312
Q6AI12	0.99616665
Q6AI14	0.34115392
Q6AI39	0.88985944
Q6AW86	0.57446456
Q6AWC2	0.46808472
Q6AZW8	0.9923443
Q6AZY7	0.18639526
Q6AZZ1	0.97421205
Q6B0B8	0.18317892
Q6B0I6	0.395861
Q6B9Z1	0.4188547
Q6BAA4	0.16184905
Q6BCY4	0.74346364
Q6BDS2	0.36574847
Q6BEB4	0.9857195
Q6DCA0	0.31150746
Q6DD87	0.8447681
Q6DD88	0.2674658
Q6DHV5	0.9155247
Q6DHV7	0.3991952
Q6DHY5	0.9678104
Q6DJT9	0.762993
Q6DKI1	0.61808014
Q6DKI2	0.475717
Q6DKI7	0.44469345
Q6DKJ4	0.2953519
Q6DKK2	0.7279893
Q6DN12	0.39587915
Q6DN14	0.4820395
Q6DN90	0.94650906
Q6DT37	0.35416597
Q6E0U4	0.6460191
Q6ECI4	0.94254565
Q6EEV6	0.9757396
Q6EKJ0	0.31200886
Q6EMB2	0.58368737
Q6EMK4	0.51086897
Q6FI81	0.6580091
Q6GMV2	0.57054716
Q6GMV3	0.6883941
Q6GPH4	0.6775844
Q6GQQ9	0.2702676
Q6GTX8	0.47625193
Q6GYQ0	0.44535562
Q6H3X3	0.9850463
Q6H8Q1	0.3139273
Q6H9L7	0.4959254
Q6I9Y2	0.50626016
Q6IA17	0.93763155
Q6IA69	0.7413692
Q6IA86	0.9476442
Q6IAA8	0.9738767
Q6IAN0	0.4802155
Q6IBS0	0.3628617
Q6IBW4	0.55057615
Q6ICB0	0.32817712
Q6ICC9	0.99754804
Q6ICG6	0.6809753
Q6ICL7	0.48655736
Q6IE81	0.35622886
Q6IEG0	0.7215903
Q6IMN6	0.6323717
Q6IN84	0.56550926
Q6IN85	0.9374616
Q6IPM2	0.26803142
Q6IPR1	0.5160552
Q6IPR3	0.46048746
Q6IPT2	0.99886143
Q6IPT4	0.55342096
Q6IPU0	0.49184376
Q6IPW1	0.8678939
Q6IPX1	0.9678104
Q6IQ16	0.9999815
Q6IQ19	0.48247337
Q6IQ20	0.38677868
Q6IQ22	0.7974522
Q6IQ23	0.4167887
Q6IQ26	0.8943669
Q6IQ32	0.58632505
Q6IQ49	0.999418
Q6IQ55	0.3671464
Q6IS24	0.71650964
Q6ISB3	0.30172053
Q6IV72	0.46265617
Q6J9G0	0.41062537
Q6JBY9	0.53515184
Q6KB66	0.41322297
Q6KC79	0.993648
Q6KCM7	0.9997019
Q6KF10	0.4888734
Q6L9T8	0.9904971
Q6MZP7	0.31775743
Q6MZQ0	0.20368728
Q6MZW2	0.80299073
Q6MZZ7	0.16057992
Q6N021	0.44488144
Q6N043	0.7428379
Q6N063	0.9890353
Q6N069	0.4031098
Q6NS38	0.31758574
Q6NSI3	0.2403827
Q6NSI4	0.8347428
Q6NSI8	0.53851545
Q6NSJ0	0.51384175
Q6NSJ2	0.65011734
Q6NSZ9	0.75819707
Q6NT04	0.575383
Q6NT16	0.5086184
Q6NT46	0.4358411
Q6NT52	0.2891708
Q6NT76	0.9824195
Q6NTE8	0.571351
Q6NTF9	0.8131598
Q6NUI1	0.3923683
Q6NUI2	0.79610515
Q6NUJ1	0.6110051
Q6NUJ5	0.94442666
Q6NUK1	0.67529
Q6NUM6	0.9979911
Q6NUM9	0.92569894
Q6NUN7	0.51162285
Q6NUP7	0.16189815
Q6NUQ1	0.75549006
Q6NUQ4	0.3567375
Q6NUS6	0.35360327
Q6NUS8	0.85007346
Q6NUT2	0.5120697
Q6NUT3	0.45999768
Q6NV74	0.21643552
Q6NVV3	0.5472627
Q6NVV7	0.9315346
Q6NVY1	0.96454275
Q6NW29	0.39899468
Q6NW34	0.8974986
Q6NW40	0.45480663
Q6NWY9	0.9567334
Q6NX45	0.3251324
Q6NX49	0.63392764
Q6NXE6	0.36092782
Q6NXG1	0.8052356
Q6NXP2	0.4956064
Q6NXR4	0.82274985
Q6NXS1	0.3804738
Q6NXT1	0.38446125
Q6NXT4	0.8023194
Q6NXT6	0.9934522
Q6NY19	0.329284
Q6NYC1	0.3296796
Q6NYC8	0.53260267
Q6NZ36	0.9868412
Q6NZ67	0.46456322
Q6NZI2	0.48579642
Q6NZY4	0.9996973
Q6P047	0.38780695
Q6P050	0.30701688
Q6P087	0.46545047
Q6P0N0	0.7449667
Q6P0Q8	0.45287123
Q6P158	0.60376394
Q6P161	0.48052925
Q6P179	0.80074257
Q6P1J6	0.35549232
Q6P1J9	0.95960104
Q6P1K1	0.5119158
Q6P1K2	0.35355872
Q6P1K8	0.58777153
Q6P1L5	0.41746813
Q6P1L6	0.42304718
Q6P1L8	0.42469585
Q6P1M0	0.9988391
Q6P1M3	0.68421197
Q6P1M9	0.9456299
Q6P1N0	0.9567991
Q6P1N9	0.1762633
Q6P1Q0	0.5202502
Q6P1R3	0.98203087
Q6P1R4	0.46110752
Q6P1S2	0.26921043
Q6P1W5	0.242216
Q6P1X6	0.2997882
Q6P280	0.43541393
Q6P2C0	0.44243255
Q6P2C8	0.9125736
Q6P2D0	0.36644104
Q6P2D8	0.8555972
Q6P2E9	1.0
Q6P2H3	0.8090217
Q6P2H8	0.6788969
Q6P2I7	0.73346764
Q6P2M8	0.529725
Q6P2P2	0.4813522
Q6P2Q9	0.6494987
Q6P387	0.48399
Q6P3S1	0.42259133
Q6P3S6	0.4493906
Q6P3W2	0.32833827
Q6P3X3	0.98107934
Q6P3X8	0.79166985
Q6P444	0.9123647
Q6P499	0.9299785
Q6P4A7	0.99988675
Q6P4D5	0.37278375
Q6P4E1	0.8424888
Q6P4F1	0.43330282
Q6P4F7	0.8977985
Q6P4H8	0.97229576
Q6P4Q7	0.37044004
Q6P4R8	0.41335103
Q6P582	0.46456322
Q6P587	0.4161527
Q6P589	0.9800106
Q6P597	0.8386358
Q6P5R6	0.9995586
Q6P5X5	0.3142929
Q6P5X7	0.4417922
Q6P5Z2	0.8462727
Q6P6B1	0.6600638
Q6P6B7	0.296427
Q6P6C2	0.4809862
Q6P7N7	0.67380464
Q6P995	0.5225537
Q6P996	0.9928918
Q6P9A1	0.9985331
Q6P9A2	0.47974312
Q6P9A3	0.98124677
Q6P9B6	0.27252024
Q6P9B9	0.51264
Q6P9F0	0.9217222
Q6P9F7	0.99275476
Q6P9G0	0.9918786
Q6P9G4	0.3256821
Q6P9G9	0.43939033
Q6P9H4	0.7954845
Q6P9H5	0.6129757
Q6PB30	0.72235316
Q6PCB5	0.68123764
Q6PCB7	0.3764595
Q6PCD5	0.5253276
Q6PCE3	0.626675
Q6PCT2	0.46589133
Q6PD62	0.5467431
Q6PD74	0.36686176
Q6PEV8	0.8367553
Q6PEW1	0.9964791
Q6PEY2	0.29216737
Q6PF04	0.99314594
Q6PF06	0.7963961
Q6PF15	0.63489205
Q6PF18	0.28414842
Q6PFW1	0.30594707
Q6PG37	0.99462754
Q6PGN9	0.59404427
Q6PGP7	0.33909833
Q6PGQ1	0.556889
Q6PGQ7	0.9947806
Q6PH81	0.850029
Q6PH85	0.46626505
Q6PHW0	0.39808205
Q6PI26	0.300275
Q6PI47	0.83744675
Q6PI48	0.5514631
Q6PI77	0.3594382
Q6PI78	0.31490117
Q6PI98	0.9999714
Q6PID6	0.5034
Q6PID8	0.44581205
Q6PIF2	0.2583548
Q6PII3	0.6199168
Q6PIJ6	0.7047784
Q6PIS1	0.30314523
Q6PIU2	0.31213614
Q6PIV7	0.4300288
Q6PIY5	0.18418504
Q6PIY7	0.33921784
Q6PJ21	0.5245951
Q6PJ61	0.9255808
Q6PJ69	0.5972324
Q6PJE2	0.45204225
Q6PJG2	0.6484734
Q6PJG6	0.49411806
Q6PJI9	0.46887684
Q6PJP8	0.71396184
Q6PJQ5	0.49217072
Q6PJT7	0.99999785
Q6PJW8	0.8149808
Q6PK04	0.9998894
Q6PK18	0.6698016
Q6PK81	0.7052821
Q6PKC3	0.8166291
Q6PKG0	0.5164112
Q6PKH6	0.6396775
Q6PKX4	0.92638254
Q6PL18	0.5399263
Q6PL45	0.64363897
Q6PUV4	0.98521614
Q6Q0C0	0.66380674
Q6Q6R5	0.98445463
Q6QAJ8	0.31886896
Q6QEF8	0.4790734
Q6QHC5	0.2920566
Q6QHF9	0.79654
Q6QNK2	0.18063244
Q6QNY0	0.910403
Q6R2W3	0.98756033
Q6R327	0.653397
Q6RFH5	0.621165
Q6RI45	0.30726013
Q6RUI8	0.4515097
Q6RW13	0.6843169
Q6S5L8	0.45585114
Q6SA08	0.50395757
Q6SJ93	0.4432411
Q6STE5	0.46062592
Q6SZW1	0.88411486
Q6T310	0.99992514
Q6T311	0.4315854
Q6T4P5	0.99676776
Q6T4R5	0.59434783
Q6TCH4	0.40388823
Q6TDP4	0.95086414
Q6TFL3	0.7152316
Q6U7Q0	0.57230604
Q6UB28	0.6691092
Q6UB35	0.25409558
Q6UB98	0.61893004
Q6UB99	0.96247727
Q6UE05	0.8823886
Q6ULP2	0.42936343
Q6UN15	0.43327335
Q6UUV7	0.5080904
Q6UUV9	0.60050887
Q6UVJ0	0.24359542
Q6UVK1	0.36662486
Q6UVM3	0.45111543
Q6UVW9	0.22257853
Q6UVY6	0.41080433
Q6UW01	0.36242867
Q6UW02	0.39413103
Q6UW15	0.45982924
Q6UW63	0.9806841
Q6UW68	0.17751224
Q6UW78	0.51185083
Q6UW88	0.7699847
Q6UWE0	0.40396142
Q6UWE3	0.9082655
Q6UWH4	0.495529
Q6UWH6	0.49063385
Q6UWI2	0.4567693
Q6UWI4	0.86585593
Q6UWJ1	0.5300218
Q6UWJ8	0.36829066
Q6UWL2	0.7591217
Q6UWL6	0.480077
Q6UWM7	0.44918284
Q6UWN5	0.5060287
Q6UWP2	0.31431976
Q6UWP7	0.3218703
Q6UWP8	0.7436548
Q6UWQ7	0.2732022
Q6UWR7	0.66736865
Q6UWT4	0.9982889
Q6UWV2	0.5888934
Q6UWW8	0.63441396
Q6UWX4	0.26603132
Q6UWY0	0.8087689
Q6UWZ7	0.97825533
Q6UX04	0.42722508
Q6UX07	0.29587033
Q6UX15	0.5074381
Q6UX27	0.33846277
Q6UX34	0.5440174
Q6UX40	0.5043184000000001
Q6UX53	0.806214
Q6UX65	0.9121561
Q6UX71	0.94193125
Q6UX72	0.92287093
Q6UX98	0.4913291
Q6UXB0	0.99999154
Q6UXC1	0.44883373
Q6UXD1	0.40258372
Q6UXF1	0.9924089
Q6UXG2	0.38752228
Q6UXG8	0.40484193
Q6UXH0	0.5226148
Q6UXH8	0.49513555
Q6UXI9	0.44856745
Q6UXL0	0.8775152
Q6UXM1	0.725717
Q6UXN9	0.9904794
Q6UXP7	0.36017925
Q6UXT9	0.24346067
Q6UXU6	0.9094948
Q6UXV4	0.6505226
Q6UXY8	0.22653142
Q6UXZ0	0.4666647
Q6UY11	0.29676816
Q6UY14	0.47371218
Q6V0I7	0.14634337
Q6V1P9	0.6241532
Q6V1X1	0.53094023
Q6V702	0.34205732
Q6V9R5	0.5870042
Q6VB84	0.4419546
Q6VMQ6	0.9998227
Q6VVB1	0.6567995
Q6VY07	0.35330403
Q6W2J9	0.3649246
Q6WCQ1	0.31809744
Q6WKZ4	0.6145975
Q6WN34	0.6487354
Q6WQI6	0.38661635
Q6WRI0	0.5448491
Q6WRX3	0.4240127
Q6X4W1	0.4583486
Q6XE24	0.8162242
Q6XPS3	0.48560867
Q6XQN6	0.86593693
Q6XUX3	0.7853688
Q6XYB7	0.5236109
Q6XYQ8	0.9828441
Q6XZF7	0.99823725
Q6Y7W6	0.43439803
Q6YBV0	0.48458913
Q6YFQ2	0.3969881
Q6YHU6	0.45270064
Q6YN16	0.5208204
Q6YP21	0.2701283
Q6ZMB5	0.49928078
Q6ZMC9	0.8647682
Q6ZMG9	0.4582157
Q6ZMH5	0.99294925
Q6ZMI0	0.9994686
Q6ZMK1	0.32876527
Q6ZMM2	0.47599098
Q6ZMN8	0.7667163
Q6ZMP0	0.86092776
Q6ZMQ8	0.38755125
Q6ZMS7	0.49074554
Q6ZMT1	0.78224397
Q6ZMT4	0.63089246
Q6ZMU5	0.2304688
Q6ZMV9	0.48109847
Q6ZMW2	0.9837594
Q6ZMW3	0.8884675
Q6ZMY3	0.45632133
Q6ZMY6	0.8645207
Q6ZMY9	0.6378681
Q6ZMZ0	0.37988552
Q6ZMZ3	0.3419576
Q6ZN01	0.9569245
Q6ZN04	0.3600433
Q6ZN06	0.9915181
Q6ZN11	0.4475545
Q6ZN16	0.9763966
Q6ZN17	0.9999989
Q6ZN18	0.4546547
Q6ZN28	0.90900874
Q6ZN30	0.4578097
Q6ZN44	0.37250417
Q6ZN54	0.40484372
Q6ZN55	0.9871395
Q6ZN84	0.53196156
Q6ZNA4	0.5283969
Q6ZNB6	0.43586496
Q6ZNB7	0.6026938
Q6ZNC4	0.4359252
Q6ZNC8	0.48726365
Q6ZNG0	0.7680819
Q6ZNG9	0.2772715
Q6ZNH5	0.43859673
Q6ZNQ3	0.39174852
Q6ZNW5	0.5144338
Q6ZNX1	0.97801524
Q6ZP29	0.50268024
Q6ZP65	0.80317855
Q6ZP80	0.9129291
Q6ZP82	0.6684761
Q6ZPD9	0.32880035
Q6ZQR2	0.4109376
Q6ZQX7	0.9808084
Q6ZQY3	0.56461596
Q6ZR62	0.68383324
Q6ZR85	0.43739957
Q6ZRF8	0.36035842
Q6ZRH7	0.48933265
Q6ZRI6	0.5890498
Q6ZRI8	0.916219
Q6ZRP7	0.77113247
Q6ZRQ5	0.27728117
Q6ZRR5	0.5312261
Q6ZRS2	0.98191595
Q6ZRS4	0.16410121
Q6ZRV2	0.32238418
Q6ZS11	0.5834735
Q6ZS17	0.67353576
Q6ZS30	0.32466662
Q6ZS81	0.2716202
Q6ZS86	0.43702772
Q6ZSB9	0.36279175
Q6ZSC3	0.97919697
Q6ZSG1	0.40074727
Q6ZSI9	0.7419219
Q6ZSM3	0.8586441
Q6ZSS3	0.99732995
Q6ZSS7	0.5630366
Q6ZSY5	0.43033138
Q6ZSZ5	0.45539603
Q6ZSZ6	0.6572852
Q6ZT07	0.3427873
Q6ZT12	0.5105807
Q6ZT21	0.4293355
Q6ZT52	0.25890517
Q6ZT89	0.49655268
Q6ZT98	0.54900736
Q6ZTI6	0.3869915
Q6ZTN6	0.42003757
Q6ZTQ3	0.47517034
Q6ZTQ4	0.98597175
Q6ZU35	0.5133512
Q6ZU52	0.33050406
Q6ZU65	0.5537744
Q6ZU67	0.93984085
Q6ZU80	0.34481397
Q6ZUI0	0.63705766
Q6ZUJ4	0.7447044
Q6ZUJ8	0.61707765
Q6ZUM4	0.4026
Q6ZUS5	0.3326316
Q6ZUS6	0.64026505
Q6ZUT1	0.3921822
Q6ZUT6	0.4543415
Q6ZUT9	0.21469279
Q6ZUU3	0.93647563
Q6ZUX7	0.99230474
Q6ZV29	0.99424076
Q6ZV50	0.51621646
Q6ZV65	0.39832726
Q6ZV70	0.47600687
Q6ZV73	0.9874888
Q6ZV89	0.49761897
Q6ZVC0	0.94376147
Q6ZVD7	0.61464024
Q6ZVD8	0.45856112
Q6ZVF9	0.977223
Q6ZVK1	0.6714336
Q6ZVK8	0.48503867
Q6ZVL6	0.32464117
Q6ZVM7	0.80666906
Q6ZVT6	0.5844283
Q6ZVX7	0.53252923
Q6ZW05	0.3479255
Q6ZW31	0.7528661
Q6ZW49	0.8285802
Q6ZW76	0.44994465
Q6ZWB6	0.99761707
Q6ZWE6	0.91565317
Q6ZWH5	0.8400752
Q6ZWJ1	0.4295599
Q6ZWL3	0.9998888
Q6ZWT7	0.42106053
Q702N8	0.49382225
Q709C8	0.22606777
Q70CQ2	0.38410038
Q70CQ4	0.5091786
Q70E73	0.9995221
Q70EK8	0.4230427
Q70EK9	0.5153232
Q70EL1	0.8797369
Q70EL2	0.3944951
Q70HW3	0.49788207
Q70IA6	0.99999535
Q70IA8	0.34983045
Q70J99	0.6716402
Q70SY1	0.44729012
Q70UQ0	0.55577075
Q70YC4	0.92049295
Q70Z35	0.29339793
Q712K3	0.91442746
Q71F23	0.9726227
Q71F56	0.40212896
Q71RC2	0.66684836
Q71RC9	0.9998925
Q71RG4	0.38777
Q71SY5	0.9818308
Q71U36	0.29216737
Q71UM5	0.507191
Q75N03	0.60627425
Q75QN2	0.7980077
Q75VX8	0.26113892
Q765I0	0.22195618
Q765P7	0.6369255
Q76EJ3	0.91494524
Q76FK4	0.9692435
Q76KP1	0.29216355
Q76L83	0.5263145
Q76N32	0.29826763
Q76N89	0.23573321
Q7KYR7	0.22135542
Q7KZ85	0.5438797
Q7KZF4	0.57526124
Q7KZI7	0.18431404
Q7KZN9	0.38834143
Q7L014	0.99170506
Q7L099	0.46483153
Q7L0J3	0.53754616
Q7L0R7	0.51155347
Q7L0Y3	0.72933495
Q7L190	0.9999242
Q7L1Q6	0.9890203
Q7L1V2	0.5292432
Q7L1W4	0.41019028
Q7L211	0.5058424
Q7L266	0.33147666
Q7L273	0.62862706
Q7L2E3	0.5289461
Q7L2H7	0.3603635
Q7L2J0	0.57235533
Q7L2K0	0.35585505
Q7L2Z9	0.5531112
Q7L311	0.500252
Q7L3B6	0.5764581
Q7L3S4	0.7583911
Q7L3T8	0.6153189
Q7L4E1	0.59856117
Q7L4I2	0.9758435
Q7L4S7	0.51308894
Q7L523	0.99991703
Q7L590	0.81162816
Q7L5A3	0.7659908
Q7L5A8	0.36717102
Q7L5D6	0.31440437
Q7L5L3	0.44602358
Q7L5N1	0.4875975
Q7L5N7	0.494809
Q7L5Y6	0.44107482
Q7L5Y9	0.5479304
Q7L622	0.99927074
Q7L7X3	1.0
Q7L804	0.7351399
Q7L8C5	0.97346556
Q7L8J4	0.64123213
Q7L8W6	0.9998517
Q7L945	0.38433746
Q7L9B9	0.99996257
Q7L9L4	0.9983798
Q7LBC6	0.6628018
Q7LBE3	0.54745454
Q7LBR1	0.34150162
Q7LC44	0.46967432
Q7LFL8	0.5173428
Q7LFX5	0.67020893
Q7LG56	0.49680018
Q7LGA3	0.47335243
Q7LGC8	0.39141524
Q7M4L6	0.45911965
Q7RTN6	0.7074278
Q7RTP6	0.41304862
Q7RTR2	0.38928488
Q7RTR8	0.6365227
Q7RTS1	0.5194943
Q7RTS3	0.36733025
Q7RTS9	0.4725575
Q7RTT5	0.9616916
Q7RTT9	0.14425272
Q7RTV0	0.5080691
Q7RTV2	0.65643615
Q7RTV3	0.9440284
Q7RTX9	0.46477872
Q7RTY0	0.4382858
Q7RTY1	0.80789477
Q7Z2E3	0.54828537
Q7Z2F6	0.28335965
Q7Z2K6	0.5971276
Q7Z2K8	0.9071729
Q7Z2T5	0.6655114
Q7Z2W4	0.5746761
Q7Z2W9	0.49186587
Q7Z2X4	0.2635377
Q7Z2Y5	0.38279366
Q7Z2Z1	0.6865436
Q7Z2Z2	0.4054646
Q7Z304	0.6107032
Q7Z309	0.7722746
Q7Z333	0.61108845
Q7Z340	0.9717575
Q7Z353	0.586841
Q7Z388	0.88729054
Q7Z392	0.8074704
Q7Z398	0.53636235
Q7Z3B1	0.5295157
Q7Z3B3	0.6680258
Q7Z3B4	0.3389083
Q7Z3C6	0.64254236
Q7Z3D4	0.5718078
Q7Z3D6	0.3460334
Q7Z3E1	0.111086264
Q7Z3E2	0.90728056
Q7Z3E5	0.96585023
Q7Z3F1	0.9875864
Q7Z3G6	0.9930814
Q7Z3I7	0.44179755
Q7Z3J2	0.473344
Q7Z3J3	0.60582197
Q7Z3K3	0.8667758
Q7Z3K6	0.3059106
Q7Z3Q1	0.21312897
Q7Z3T8	0.9880723
Q7Z3U7	0.4475729
Q7Z3V4	0.9337853
Q7Z3V5	0.5053842
Q7Z3Z0	0.59913385
Q7Z3Z4	0.8047777
Q7Z401	0.9999958
Q7Z402	0.9557409
Q7Z406	0.3946994
Q7Z417	0.5156647
Q7Z419	0.42806306
Q7Z422	0.5211721
Q7Z429	0.7420566
Q7Z434	0.49163172
Q7Z449	0.75588024
Q7Z465	0.8908531
Q7Z478	0.4875628
Q7Z4F1	0.62402487
Q7Z4G4	0.8493098
Q7Z4H3	0.9414561
Q7Z4H7	0.90837246
Q7Z4H8	0.55156875
Q7Z4H9	0.4714462
Q7Z4I7	0.38313884
Q7Z4K8	0.45156154
Q7Z4L5	0.52746683
Q7Z4N2	0.5279532
Q7Z4Q2	0.50786036
Q7Z4S6	0.08963809
Q7Z4V0	0.746554
Q7Z4V5	0.53205335
Q7Z4W1	0.98334944
Q7Z4Y8	0.4786179
Q7Z570	0.75782216
Q7Z572	0.99252725
Q7Z589	0.57908165
Q7Z591	0.84803253
Q7Z5H3	0.415055
Q7Z5J1	0.9923768
Q7Z5J4	0.41211843
Q7Z5J8	0.51484585
Q7Z5L2	0.8909313
Q7Z5L9	0.29355842
Q7Z5M5	0.7331147
Q7Z5M8	0.8832305
Q7Z5N4	0.44197407
Q7Z5P4	0.95971626
Q7Z5Q1	0.48394635
Q7Z5Q5	0.44912118
Q7Z5R6	0.3844283
Q7Z5S9	0.729052
Q7Z5U6	0.5020359
Q7Z5W3	0.20823854
Q7Z5Y7	0.5609499
Q7Z601	0.7796869
Q7Z614	0.46211943
Q7Z624	0.48189566
Q7Z628	0.5248172
Q7Z692	0.99881846
Q7Z695	0.39860377
Q7Z698	0.24501026
Q7Z699	0.39810202
Q7Z6B0	0.34057835
Q7Z6B7	0.73615843
Q7Z6E9	0.9998747
Q7Z6G3	0.8355668
Q7Z6G8	0.38002914
Q7Z6I5	0.29962906
Q7Z6I6	0.51619035
Q7Z6I8	0.41708153
Q7Z6J0	0.90279865
Q7Z6J2	0.94372797
Q7Z6J6	0.7969382
Q7Z6J8	0.95263547
Q7Z6K1	0.4551851
Q7Z6K3	0.8666453
Q7Z6K4	0.47513613
Q7Z6L0	0.25404656
Q7Z6L1	0.9772307
Q7Z6M1	0.35769582
Q7Z6M2	0.5965386
Q7Z6M4	0.36292124
Q7Z6V5	0.5189733
Q7Z6Z7	0.37242165
Q7Z713	0.9762941
Q7Z736	0.5505243
Q7Z739	0.8820928
Q7Z794	0.28563744
Q7Z7A1	0.4909667
Q7Z7A4	0.3229974
Q7Z7B0	0.17346397
Q7Z7B1	0.46383283
Q7Z7C8	0.37010235
Q7Z7D3	0.57017803
Q7Z7E8	0.70506215
Q7Z7F0	0.830293
Q7Z7F7	0.85665697
Q7Z7G1	0.9999975
Q7Z7G8	0.60088664
Q7Z7H8	0.47417718
Q7Z7J5	0.46745083
Q7Z7J7	0.9763495
Q7Z7K2	0.7185793
Q7Z7L1	0.48692134
Q7Z7L7	0.20874076
Q7Z7L8	0.41593075
Q7Z7L9	0.5371795
Q7Z7M9	0.8873268
Q7Z7N9	0.9625247
Q86SE5	0.49231267
Q86SE8	0.9703049
Q86SE9	0.99977165
Q86SF2	0.96956235
Q86SG2	0.44399184
Q86SI9	0.5362871
Q86SJ2	0.44264743
Q86SQ0	0.46025088
Q86SQ7	0.35170683
Q86SQ9	0.56662464
Q86SR1	0.31596896
Q86SX3	0.75520784
Q86SX6	0.6462998
Q86SZ2	0.85106206
Q86T13	0.63621247
Q86T24	0.84605634
Q86T29	0.6563275
Q86T65	0.5137726
Q86T75	0.665336
Q86T82	0.99905246
Q86T90	0.999995
Q86T96	0.3017383
Q86TA1	0.34983045
Q86TB3	0.39566547
Q86TB9	0.9993975
Q86TC9	0.44633502
Q86TE4	0.7770286
Q86TG1	0.9029817
Q86TG7	0.39568332
Q86TH1	0.99928707
Q86TI0	0.5062837
Q86TI2	0.35424867
Q86TJ2	0.9048891
Q86TJ5	0.98791635
Q86TL2	0.13570803
Q86TM6	0.5984253
Q86TN4	0.6772717
Q86TP1	0.27783203
Q86TS9	0.7128335
Q86TU7	0.7612636
Q86TV6	0.88960576
Q86TW2	0.29652297
Q86TX2	0.45081395
Q86TY3	0.31191453
Q86TZ1	0.8197045
Q86U06	0.48850432
Q86U38	0.7895524
Q86U70	0.37432003
Q86U86	0.5892398
Q86U90	0.5508307
Q86UA1	0.64394176
Q86UA6	0.9456089
Q86UB2	0.74384624
Q86UB9	0.84902006
Q86UC2	0.9228957
Q86UD0	0.63624597
Q86UD1	0.8433567
Q86UD3	0.3461718
Q86UD4	0.52300465
Q86UD5	0.5241631
Q86UE3	0.49412537
Q86UE4	0.63969314
Q86UF1	0.80543494
Q86UF4	0.48643592
Q86UK0	0.49696746
Q86UK5	0.3803392
Q86UK7	0.8160555
Q86UP0	0.46924216
Q86UP2	0.93493
Q86UP3	0.41886973
Q86UP6	0.88901174
Q86UP8	0.31200886
Q86UP9	0.5211557
Q86UQ0	0.5304612
Q86UQ4	0.9972339
Q86UR1	0.62366074
Q86US8	0.92927104
Q86UT6	0.44528517
Q86UT8	0.42864022
Q86UU0	0.23573422
Q86UU1	0.55175155
Q86UV5	0.76414347
Q86UV6	0.73876816
Q86UV7	0.73876816
Q86UW2	0.676449
Q86UW6	0.7185153
Q86UW7	0.70330065
Q86UW9	0.33609617
Q86UX2	0.72535956
Q86UX7	0.5999553
Q86UY5	0.38538027
Q86UY6	0.8424909
Q86UY8	0.37380764
Q86UZ6	0.31571662
Q86V15	0.53682286
Q86V20	0.2818157
Q86V21	0.9726104
Q86V25	0.39256394
Q86V42	0.21597886
Q86V48	0.93146425
Q86V59	0.5913528
Q86V71	0.21149258
Q86V81	0.732778
Q86V85	0.94153154
Q86V86	0.47267666
Q86V87	0.21401812
Q86V88	0.3059657
Q86VB7	0.12702419
Q86VD7	0.4534107
Q86VD9	0.9932573
Q86VE0	0.5621083
Q86VE9	0.4788186
Q86VF2	0.44234315
Q86VF5	0.4209881
Q86VG3	0.6376838
Q86VI1	0.976987
Q86VI3	0.9999999
Q86VI4	0.48176345
Q86VK4	0.9563231
Q86VM9	0.8169839
Q86VN1	0.91068125
Q86VP1	0.9714711
Q86VP3	0.32373518
Q86VP6	0.92404896
Q86VQ1	0.9040964
Q86VQ3	0.54844576
Q86VQ6	0.8365679
Q86VR2	0.93547696
Q86VR7	0.63781995
Q86VR8	0.99602747
Q86VS3	0.42467153
Q86VS8	0.48400164
Q86VU5	0.39535648
Q86VV4	0.54118395
Q86VW0	0.53572595
Q86VW2	0.99955803
Q86VX2	0.9113033
Q86VX9	0.22117573
Q86VY4	0.50373447
Q86VZ4	0.66802794
Q86VZ6	0.9770049
Q86W11	0.5919449
Q86W24	0.37085575
Q86W26	0.6879743
Q86W33	0.69192594
Q86W34	0.96272147
Q86W42	0.5512782
Q86W47	0.3287759
Q86W50	0.5560796
Q86W54	0.3110168
Q86W56	0.97994
Q86W74	0.5625843
Q86W92	0.53711224
Q86WA6	0.5755371
Q86WA9	0.5698595
Q86WB0	0.5914047
Q86WC4	0.9795201
Q86WG5	0.5545703
Q86WH2	0.2663325
Q86WI3	0.7378129
Q86WJ1	0.4934653
Q86WK6	0.9375678
Q86WK9	0.4557645
Q86WN1	0.8859046
Q86WP2	0.98312473
Q86WQ0	0.20529424
Q86WR0	0.8331528
Q86WR6	0.9137928
Q86WR7	0.39354512
Q86WT1	0.76361924
Q86WU2	0.15222836
Q86WV1	0.390015
Q86WW8	0.5026266
Q86WX3	0.95547676
Q86WZ6	0.5890551
Q86X02	0.4682762
Q86X10	0.5446169
Q86X19	0.41578504
Q86X24	0.3517702
Q86X27	0.5698674
Q86X29	0.44912705
Q86X40	0.59278417
Q86X51	0.5340668
Q86X53	0.96317965
Q86X55	0.4493999
Q86X60	0.9904971
Q86X67	0.22891563
Q86X83	0.95393425
Q86X95	0.899044
Q86XD5	0.48054847
Q86XD8	0.41851798
Q86XE0	0.50895286
Q86XF0	0.72113454
Q86XF7	0.31874937
Q86XH1	0.2952437
Q86XI2	0.78542465
Q86XI6	0.32057482
Q86XI8	0.3442224
Q86XJ0	0.4733363
Q86XK2	0.42655706
Q86XK7	0.52082235
Q86XL3	0.42136717
Q86XN7	0.76713866
Q86XP3	0.74304014
Q86XR5	0.41055873
Q86XR8	0.19597232
Q86XT2	0.7313947
Q86XT4	0.73876816
Q86XU0	0.4126577
Q86XX4	0.76982015
Q86XZ4	0.380834
Q86Y01	0.49068743
Q86Y07	0.24967498
Q86Y13	0.89508414
Q86Y25	0.56942904
Q86Y37	0.45883933
Q86Y39	0.5599007
Q86Y56	0.37051168
Q86Y78	0.40783992
Q86Y82	0.4938846
Q86Y91	0.8219517
Q86Y97	0.2595336
Q86YA3	0.41397014
Q86YB7	0.2861553
Q86YC2	0.33451012
Q86YD1	0.59943265
Q86YD3	0.99304056
Q86YD5	0.5432802
Q86YE8	0.49206668
Q86YF9	0.34059513
Q86YH2	0.57927173
Q86YH6	0.5598868
Q86YJ7	0.39660046
Q86YL5	0.9999988
Q86YM7	0.4929762
Q86YN6	0.44569167
Q86YP4	0.5743363
Q86YR5	0.9513863
Q86YR7	0.32879668
Q86YS6	0.45855564
Q86YS7	0.27682546
Q86YT5	0.24356803
Q86YT6	0.9488457
Q86YV5	0.46677086
Q86YW9	0.9963307
Q86YZ3	0.33286262
Q86Z02	0.51565236
Q86Z20	0.38929254
Q8HWS3	0.698221
Q8IU57	0.358777
Q8IU60	0.9646198
Q8IU68	0.7333535
Q8IU81	0.4432034
Q8IU85	0.4283505
Q8IU89	0.46124494
Q8IUA7	0.1934567
Q8IUC6	0.21357273
Q8IUD2	0.96193624
Q8IUD6	0.96121854
Q8IUE1	0.44666052
Q8IUE6	0.35361555
Q8IUF1	0.18138747
Q8IUF8	0.64122427
Q8IUG5	0.28980672
Q8IUH3	0.4447413
Q8IUH4	0.8931101
Q8IUH5	0.9904467
Q8IUI8	0.9320096
Q8IUQ4	0.5201942
Q8IUR0	0.91888916
Q8IUR5	0.36093548
Q8IUR6	0.38399678
Q8IUR7	0.73944545
Q8IUS5	0.66160756
Q8IUW3	0.4978712
Q8IUW5	0.20048024
Q8IUX1	0.47432706
Q8IUX4	0.3369824
Q8IUX7	0.9923753
Q8IUY3	0.9893462
Q8IUZ5	0.59995365
Q8IV03	0.9995927
Q8IV04	0.9124683
Q8IV13	0.995545
Q8IV31	0.508167
Q8IV32	0.6788379
Q8IV36	0.4938931
Q8IV38	0.36626795
Q8IV42	0.47801235
Q8IV45	0.9473779
Q8IV48	0.84884185
Q8IV50	0.9839166
Q8IV56	0.9980994
Q8IV63	0.95714
Q8IV76	0.7808374
Q8IVA1	0.6874022
Q8IVB5	0.38695422
Q8IVC4	0.9995359
Q8IVD9	0.18490154
Q8IVE3	0.4939912
Q8IVF2	0.4709672
Q8IVF5	0.85002226
Q8IVF6	0.994622
Q8IVF7	0.9682654
Q8IVG5	0.3822608
Q8IVH2	0.9614057
Q8IVH4	0.65681964
Q8IVI9	0.5901061
Q8IVJ1	0.506533
Q8IVL0	0.9361085
Q8IVL1	0.446891
Q8IVL6	0.39855036
Q8IVM0	0.27686104
Q8IVN8	0.2132444
Q8IVQ6	0.45025668
Q8IVS2	0.14413373
Q8IVS8	0.6001939
Q8IVT2	0.71106154
Q8IVU3	0.8514032
Q8IVU9	0.57002974
Q8IVV7	0.9399922
Q8IVW4	0.9991899
Q8IVW6	0.25580695
Q8IVY1	0.99943835
Q8IW00	0.8241396
Q8IW19	0.48224658
Q8IW35	0.46342403
Q8IW36	0.9952931
Q8IW40	0.6607374
Q8IW41	0.4694727
Q8IW50	0.65867347
Q8IW92	0.5331605
Q8IW93	0.9185709
Q8IWA0	0.22029428
Q8IWA4	0.38383
Q8IWA5	0.71718544
Q8IWB1	0.9954372
Q8IWB6	0.9999329
Q8IWB9	0.36086467
Q8IWC1	0.41969934
Q8IWD4	0.9580921
Q8IWE2	0.4128764
Q8IWE4	0.49385622
Q8IWF6	0.95248806
Q8IWF9	0.6928191
Q8IWI9	0.35703832
Q8IWJ2	0.55818
Q8IWL3	0.8921426
Q8IWP9	0.37083828
Q8IWQ3	0.8573866
Q8IWR0	0.5861655
Q8IWR1	0.9757506
Q8IWS0	0.9979796
Q8IWT0	0.38352054
Q8IWT3	0.24321853
Q8IWU2	0.99990964
Q8IWV1	0.84831655
Q8IWV7	0.67197895
Q8IWV8	0.4548379
Q8IWW8	0.9947115
Q8IWX7	0.30342814
Q8IWY8	0.4876228
Q8IWY9	0.39189425
Q8IWZ5	0.7939579
Q8IWZ8	0.659166
Q8IX01	0.93690634
Q8IX03	0.8557823
Q8IX04	0.8199779
Q8IX07	0.99314475
Q8IX12	0.8874134
Q8IX15	0.9974819
Q8IX18	0.26430416
Q8IX21	0.8534694
Q8IX29	0.9553314
Q8IX30	0.25020686
Q8IX90	0.46726164
Q8IXF0	0.48434865
Q8IXH7	0.9811001
Q8IXH8	0.37023127
Q8IXI1	0.53366375
Q8IXJ6	0.7613863
Q8IXJ9	0.999833
Q8IXK0	0.7190274
Q8IXL6	0.6979792
Q8IXM2	0.57970583
Q8IXM3	0.8523943
Q8IXM6	0.43403387
Q8IXN7	0.9945886
Q8IXQ3	0.5840721
Q8IXQ4	0.99905163
Q8IXQ5	0.5155472
Q8IXQ6	0.362983
Q8IXR5	0.36356804
Q8IXS2	0.6073085
Q8IXS8	0.54962397
Q8IXT1	0.3148409
Q8IXT5	0.6797428
Q8IXU6	0.43213135
Q8IXV7	0.6277235
Q8IXW0	0.95709246
Q8IXW5	0.9703593
Q8IXX5	0.17668858
Q8IXY8	0.7041203
Q8IXZ2	0.67809176
Q8IXZ3	0.4540504
Q8IY18	0.9926374
Q8IY21	0.6274848
Q8IY22	0.7649099
Q8IY26	0.97779065
Q8IY31	0.44074664
Q8IY34	0.9003019
Q8IY37	0.8821013
Q8IY42	0.31065652
Q8IY45	0.4877159
Q8IY47	0.9987534
Q8IY50	0.39214477
Q8IY51	0.7327363
Q8IY57	0.56330436
Q8IY63	0.6242936
Q8IY67	0.48772848
Q8IY81	0.9999994
Q8IY84	0.50442773
Q8IY85	0.9401455
Q8IY92	0.31162003
Q8IY95	0.7630661
Q8IYA6	0.27498582
Q8IYA7	0.84999835
Q8IYA8	0.5718715
Q8IYB1	0.607869
Q8IYB3	1.0
Q8IYB5	0.42382056
Q8IYB8	0.8839652
Q8IYD1	0.357235
Q8IYD8	0.39173838
Q8IYD9	0.45888788
Q8IYE0	0.9934901
Q8IYE1	0.3950563
Q8IYI0	0.9571905
Q8IYI6	0.31688598
Q8IYI8	0.23404777
Q8IYJ0	0.43479502
Q8IYJ2	0.7541088
Q8IYK4	0.98314464
Q8IYL2	0.44414485
Q8IYL3	0.7003987
Q8IYL9	0.3236695
Q8IYM1	0.3716219
Q8IYM9	0.9335384
Q8IYN2	0.5337181
Q8IYP9	0.5267493
Q8IYQ7	0.9654319
Q8IYR0	0.18138656
Q8IYR2	0.99917847
Q8IYS0	0.62793463
Q8IYS1	0.37235445
Q8IYS2	0.6162488
Q8IYS4	0.99779654
Q8IYT2	0.41991103
Q8IYT3	0.94355214
Q8IYT4	0.5605835
Q8IYU2	0.39286378
Q8IYU8	0.5502071
Q8IYW5	0.49027625
Q8IYX8	0.31736308
Q8IYY4	0.40513974
Q8IZ02	0.8364921
Q8IZ07	0.69359326
Q8IZ13	0.67794335
Q8IZ16	0.99903333
Q8IZ21	0.41902688
Q8IZ26	0.349592
Q8IZ40	0.999522
Q8IZ41	0.23019253
Q8IZ52	0.9877523
Q8IZ57	0.9161398
Q8IZ63	0.98467964
Q8IZ69	0.99557745
Q8IZ73	0.33804828
Q8IZ81	0.34883836
Q8IZ83	0.74623567
Q8IZ96	0.47218934
Q8IZA0	0.80202776
Q8IZC4	0.51199764
Q8IZD0	0.9564547
Q8IZD4	0.9984456
Q8IZD9	0.59156775
Q8IZE3	0.98220557
Q8IZF3	0.98863095
Q8IZF4	0.3972
Q8IZH2	0.49657267
Q8IZJ4	0.2811859
Q8IZK6	0.61089057
Q8IZL2	0.99394023
Q8IZL8	0.9991296
Q8IZL9	0.40893447
Q8IZM8	0.30822837
Q8IZM9	0.48154566
Q8IZN3	0.99051076
Q8IZP0	0.9853615
Q8IZP1	0.9678104
Q8IZP7	0.5625366
Q8IZP9	0.58172274
Q8IZQ1	0.32820854
Q8IZQ5	0.66240174
Q8IZR5	0.7908096
Q8IZS8	0.45752448
Q8IZT6	0.5565435
Q8IZU0	0.4883719
Q8IZU2	0.6717098
Q8IZU8	0.43123016
Q8IZV2	0.5119541
Q8IZV5	0.577376
Q8IZY2	0.8585478
Q8N0S2	0.42440838
Q8N0T1	0.79569685
Q8N0U4	0.7093478
Q8N0U8	0.5604595
Q8N0V3	0.25725007
Q8N0V4	0.5511228
Q8N0V5	0.97104645
Q8N0W3	0.77641475
Q8N0W5	0.99628276
Q8N0X2	0.4791752
Q8N0X4	0.5530185
Q8N0X7	0.5759732
Q8N0Y2	0.44344622
Q8N0Y3	0.5264923
Q8N0Y7	0.41861123
Q8N0Z3	0.41496456
Q8N0Z6	0.43988183
Q8N0Z8	0.9789955
Q8N0Z9	0.36146918
Q8N108	0.40876514
Q8N111	0.56523955
Q8N122	0.9259025
Q8N128	1.0
Q8N129	0.9989802
Q8N131	0.9911146
Q8N135	0.5118695
Q8N136	0.6346068
Q8N137	0.82353586
Q8N138	0.314754
Q8N139	0.4404337
Q8N140	0.8511729
Q8N141	0.460996
Q8N143	0.5818219
Q8N145	0.76758325
Q8N157	0.53324014
Q8N158	0.67330056
Q8N159	0.31395212
Q8N163	0.9006179
Q8N165	0.56290895
Q8N183	0.66654676
Q8N184	0.42433846
Q8N187	0.953845
Q8N1A0	0.9951906
Q8N1A6	0.68229085
Q8N1B3	0.36233887
Q8N1D0	0.5301303
Q8N1D5	0.4641177
Q8N1E6	0.482074
Q8N1F8	0.61219925
Q8N1G0	0.40514666
Q8N1G1	0.6924921
Q8N1G2	0.5801955
Q8N1G4	0.96664864
Q8N1H7	0.71867716
Q8N1I0	0.57661575
Q8N1L9	0.9982838
Q8N1P7	0.37887764
Q8N1Q1	0.99998534
Q8N1S5	0.3287574
Q8N1W1	0.18494387
Q8N1W2	0.7813781
Q8N201	0.4388898
Q8N228	0.27088934
Q8N257	0.42683145
Q8N264	0.39413506
Q8N271	0.31908414
Q8N2C3	0.084739715
Q8N2C7	0.87011623
Q8N2E2	0.513099
Q8N2F6	0.44496167
Q8N2G6	0.51081246
Q8N2H3	0.37731028
Q8N2H9	0.7423154
Q8N2I2	0.62872803
Q8N2I9	0.38874707
Q8N2M4	0.5324462
Q8N2M8	0.6217916
Q8N2N9	0.5617491
Q8N2Q7	0.50727755
Q8N2R0	0.5485764
Q8N2R8	0.5755341
Q8N2U0	0.9708858
Q8N2U9	0.54336524
Q8N300	0.833405
Q8N307	0.36512193
Q8N309	0.6081126
Q8N319	0.95205694
Q8N336	0.84890574
Q8N344	0.41846934
Q8N350	0.52520865
Q8N357	0.7363249
Q8N365	0.467488
Q8N371	0.7826905
Q8N392	0.9178243
Q8N393	0.92753726
Q8N394	0.34213164
Q8N398	0.82807994
Q8N3A8	0.31461835
Q8N3C0	0.6449732
Q8N3C7	0.9138828
Q8N3D4	0.9862568
Q8N3E9	0.27057025
Q8N3F0	0.38373822
Q8N3F8	0.6842079
Q8N3F9	0.99579155
Q8N3G9	0.40610662
Q8N3J2	0.39138493
Q8N3J3	0.31643417
Q8N3J5	0.4662387
Q8N3J9	0.4495683
Q8N3P4	0.43132642
Q8N3R9	0.52209455
Q8N3S3	0.6186352
Q8N3T1	0.17238247
Q8N3T6	0.56047875
Q8N3V7	0.59554064
Q8N3X1	0.655465
Q8N3X6	0.4944463
Q8N3Y1	0.35183033
Q8N3Z3	0.8129703
Q8N3Z6	0.9822534
Q8N413	0.6392961
Q8N414	0.5117606
Q8N428	0.3399696
Q8N431	0.5350556
Q8N441	0.9835173
Q8N442	0.55131394
Q8N443	0.8392412
Q8N448	0.88327587
Q8N465	0.50790745
Q8N474	0.9146332
Q8N485	0.3839165
Q8N488	0.3607641
Q8N490	0.6174484
Q8N4A0	0.77451396
Q8N4C6	0.9989962
Q8N4C7	0.18020688
Q8N4F0	0.97946495
Q8N4H5	0.41147515
Q8N4L1	0.91647375
Q8N4L8	0.9770972
Q8N4N3	0.29069003
Q8N4N8	0.3628523
Q8N4P2	0.76361924
Q8N4P3	0.5881251
Q8N4Q0	0.795354
Q8N4Q1	0.41033304
Q8N4S0	0.38427
Q8N4S7	0.72736675
Q8N4S9	0.33353162
Q8N4U5	0.951409
Q8N4W6	0.6558634
Q8N4X5	0.9077431
Q8N4Z0	0.13787451
Q8N531	0.43797094
Q8N539	0.22911122
Q8N543	0.8617883
Q8N554	0.86324024
Q8N556	0.5856491
Q8N565	0.9464729
Q8N567	0.2616772
Q8N573	0.9855804
Q8N584	0.21941267
Q8N587	0.5870042
Q8N594	0.99996495
Q8N5A5	0.57322127
Q8N5B7	0.99324244
Q8N5C1	0.39366126
Q8N5C6	0.44415396
Q8N5C7	0.999969
Q8N5C8	0.58948994
Q8N5D0	0.96644396
Q8N5F7	0.42721406
Q8N5G0	0.48668242
Q8N5G2	0.32763186
Q8N5I2	0.40284187
Q8N5I3	0.97722465
Q8N5I4	0.39998078
Q8N5I9	0.461229
Q8N5J2	0.6045505
Q8N5K1	0.31968546
Q8N5L8	0.5766175
Q8N5M1	0.9833173
Q8N5M4	0.3752426
Q8N5M9	0.6336953
Q8N5N7	0.99825436
Q8N5P1	0.6765085
Q8N5S9	0.35824886
Q8N5T2	0.36965165
Q8N5U6	0.48372668
Q8N5V2	0.49259344
Q8N5W9	0.49351656
Q8N5X7	0.8060842
Q8N5Y2	0.46972802
Q8N5Z0	0.8923065
Q8N608	0.8597063
Q8N609	0.5170122
Q8N612	0.4711113
Q8N628	0.32015574
Q8N635	0.6442391
Q8N660	0.665336
Q8N661	0.88882434
Q8N668	0.43868178
Q8N680	0.56386036
Q8N684	0.34610075
Q8N693	0.96437883
Q8N697	0.40154484
Q8N699	0.50140667
Q8N6C5	0.49395812
Q8N6D2	0.9419067
Q8N6D5	0.99665713
Q8N6F8	0.3355494
Q8N6G5	0.5270125
Q8N6H7	0.99650514
Q8N6I1	0.4504625
Q8N6I4	0.49674633
Q8N6M0	0.62237835
Q8N6M6	0.47061014
Q8N6N3	0.6307901
Q8N6N7	0.45753223
Q8N6Q8	0.87053764
Q8N6R0	0.40985936
Q8N6S5	0.561109
Q8N6T0	0.88972
Q8N6T3	0.97799224
Q8N6T7	0.9911084
Q8N6U8	0.3682496
Q8N6V9	0.29476333
Q8N6Y1	0.43407533
Q8N6Y2	0.6703473
Q8N720	0.4433502
Q8N752	0.32522577
Q8N755	0.33441997
Q8N766	0.7314115
Q8N7A1	0.25647065
Q8N7B6	0.85813224
Q8N7C3	0.21482845
Q8N7C4	0.96316206
Q8N7F7	0.8165247
Q8N7H5	0.45026597
Q8N7K0	0.7182765
Q8N7M2	0.28567952
Q8N7N1	0.99280566
Q8N7P1	0.8458241
Q8N7R7	0.3681078
Q8N7U6	0.874357
Q8N7W2	0.9750543
Q8N7X0	0.43756017
Q8N7X2	0.9582273
Q8N801	0.31342953
Q8N806	0.35528907
Q8N812	0.47015706
Q8N815	0.79127985
Q8N819	1.0
Q8N831	0.48247623
Q8N841	0.4262206
Q8N859	0.99932134
Q8N865	0.4397838
Q8N878	0.27218327
Q8N883	0.9996045
Q8N884	0.53704023
Q8N8A2	0.28853634
Q8N8A6	0.9087711
Q8N8C0	0.33206496
Q8N8D1	0.4695136
Q8N8E3	0.59616697
Q8N8F7	0.5421197
Q8N8I0	0.68982065
Q8N8J6	0.44681212
Q8N8J7	0.9253684
Q8N8K9	0.15329212
Q8N8M0	0.52475154
Q8N8N7	0.9812212
Q8N8Q9	0.98814803
Q8N8R7	0.9857326
Q8N8S7	0.8219377
Q8N8U3	0.40617505
Q8N8V4	0.5530358
Q8N8W4	0.47071013
Q8N8X9	0.30571777
Q8N8Y2	0.96390545
Q8N8Y5	0.99798113
Q8N8Z8	0.5802801
Q8N907	0.41933155
Q8N944	0.99015194
Q8N945	0.553557
Q8N954	0.55656046
Q8N960	0.41792512
Q8N961	0.50408036
Q8N966	0.42639193
Q8N972	0.4375809
Q8N983	0.43140304
Q8N987	0.7454466
Q8N988	0.8228564
Q8N998	0.41456494
Q8N999	0.9087981
Q8N9A8	0.4894352
Q8N9B4	0.351177
Q8N9B5	0.6365998
Q8N9B8	0.6317368
Q8N9E0	0.6027162
Q8N9F0	0.4392432
Q8N9H8	0.8144063
Q8N9I0	0.5307991
Q8N9I9	0.51769716
Q8N9K5	0.9951214
Q8N9L1	0.4900638
Q8N9M1	0.41590634
Q8N9M5	0.92100334
Q8N9N2	0.4280946
Q8N9N5	0.80015874
Q8N9N7	0.79895043
Q8N9N8	0.9878852
Q8N9Q2	0.7904389
Q8N9R6	0.5473163
Q8N9R8	0.6286479
Q8N9S9	0.40868217
Q8N9T8	0.9999964
Q8N9U0	0.8532073
Q8N9V3	0.48427755
Q8N9W5	0.91639894
Q8N9Z0	0.34573767
Q8N9Z2	0.5555182
Q8N9Z9	0.7222697
Q8NA03	0.4650717
Q8NA19	0.9677191
Q8NA23	0.99923694
Q8NA29	0.57361466
Q8NA42	0.46547088
Q8NA47	0.98699605
Q8NA54	0.5832153
Q8NA61	0.86891395
Q8NA72	0.4728326
Q8NA82	0.8831656
Q8NA92	0.3567421
Q8NAA4	0.5562313
Q8NAF0	0.24473679
Q8NAG6	0.32561147
Q8NAN2	0.39631966
Q8NAP3	0.7943629
Q8NAV1	0.34948382
Q8NAV2	0.9992347
Q8NAX2	0.6117921
Q8NB14	0.54597497
Q8NB25	0.7511786
Q8NB37	0.46440166
Q8NB42	0.99950945
Q8NB46	0.4416245
Q8NB50	0.5039585
Q8NB59	0.35027513
Q8NB78	0.48372632
Q8NB90	0.14912684
Q8NBA8	0.94692725
Q8NBB4	0.9994072
Q8NBE8	0.6516183
Q8NBF2	0.45436913
Q8NBF6	0.4850408
Q8NBH2	0.3411639
Q8NBI5	0.5673178
Q8NBJ4	0.8991834
Q8NBJ5	0.99396646
Q8NBJ7	0.9579364
Q8NBL3	0.3722624
Q8NBM4	0.49323004
Q8NBM8	0.4145131
Q8NBN3	0.93128246
Q8NBN7	0.39096645
Q8NBP0	0.359777
Q8NBP5	0.99832684
Q8NBQ5	0.6353162
Q8NBQ7	0.48669067
Q8NBR6	0.6399635
Q8NBS3	0.8073268
Q8NBS9	0.37683433
Q8NBT2	0.96899295
Q8NBT3	0.28564864
Q8NBU5	0.99882346
Q8NBV4	0.44264904
Q8NBV8	0.27005783
Q8NBW4	0.6838248
Q8NBX0	0.782936
Q8NBZ0	0.6883622
Q8NC06	0.83721024
Q8NC24	0.43172395
Q8NC26	0.5050015
Q8NC42	0.7011591
Q8NC44	0.19650336
Q8NC51	0.5239259
Q8NC54	0.55134046
Q8NC56	0.81772524
Q8NC60	0.37548566
Q8NC67	0.8307146
Q8NC69	0.7886145
Q8NC96	0.9569529
Q8NCA5	0.9879507
Q8NCA9	0.45910302
Q8NCB2	0.2989744
Q8NCC3	0.9998036
Q8NCC5	0.65394515
Q8NCD3	0.9129063
Q8NCE0	0.7146849
Q8NCF5	0.39857548
Q8NCG7	0.2563101
Q8NCH0	0.34629625
Q8NCJ5	0.8160741
Q8NCL4	0.37299412
Q8NCL8	0.1693214
Q8NCL9	0.7899979
Q8NCM2	0.37325463
Q8NCM8	0.6297149
Q8NCN2	0.5088066
Q8NCN4	1.0
Q8NCN5	0.24779901
Q8NCP5	0.3027939
Q8NCR0	0.7575206
Q8NCS4	0.9996803
Q8NCS7	0.26082072
Q8NCT3	0.4560789
Q8NCU4	0.83679366
Q8NCW5	0.5549655
Q8NCX0	0.5410627
Q8NCY6	0.52567804
Q8ND04	0.4490376
Q8ND07	0.5277225
Q8ND24	0.57998115
Q8ND30	0.75777346
Q8ND56	0.9999943
Q8ND82	0.9352059
Q8ND83	0.55767787
Q8ND90	0.4687622
Q8ND94	0.6714483
Q8NDA2	0.6121499
Q8NDB2	0.7733932
Q8NDC0	0.38164297
Q8NDD1	0.9964371
Q8NDH3	0.60939443
Q8NDH6	0.8088074
Q8NDI1	0.44183475
Q8NDL9	0.41584003
Q8NDN9	0.42944062
Q8NDP4	0.23404777
Q8NDQ6	0.59074557
Q8NDT2	0.57605225
Q8NDV1	0.5346433
Q8NDV3	0.41993108
Q8NDV7	0.7633524
Q8NDW4	0.39158684
Q8NDW8	0.42655906
Q8NDX5	0.40544435
Q8NDX6	0.9452467
Q8NDY3	0.20509909
Q8NDZ2	0.95614845
Q8NE00	0.65947187
Q8NE01	0.27957475
Q8NE18	0.98298347
Q8NE22	0.7170592
Q8NE31	0.31878957
Q8NE35	0.6489979
Q8NE71	0.5212315
Q8NE79	0.83926666
Q8NE86	0.44584814
Q8NEA4	0.43645594
Q8NEA5	0.83208233
Q8NEA6	0.7969073
Q8NEB5	0.99991715
Q8NEB7	0.6622093
Q8NEC7	0.48943508
Q8NEF3	0.5224091
Q8NEF9	0.9999907
Q8NEG4	0.42825598
Q8NEG7	0.3790806
Q8NEH6	0.9504247
Q8NEJ0	0.49935406
Q8NEJ9	0.99163955
Q8NEK5	0.8143326
Q8NEM0	0.99517727
Q8NEM1	0.72379774
Q8NEM2	0.9995435
Q8NEM7	0.99976104
Q8NEM8	0.57386684
Q8NEN0	0.4290836
Q8NEN9	0.6906469
Q8NEP3	0.744437
Q8NEP7	0.54528904
Q8NEQ6	0.6560188
Q8NET8	0.51572603
Q8NEV1	0.34257746
Q8NEV4	0.9540317
Q8NEW0	0.3862285
Q8NEW7	0.7767951
Q8NEX9	0.49802923
Q8NEY1	0.26842165
Q8NEY4	0.48469764
Q8NEY8	0.7108726
Q8NEZ2	0.6046213
Q8NEZ3	0.96501875
Q8NEZ4	0.19066133
Q8NF37	0.4773395
Q8NF50	0.53794813
Q8NF64	0.26653075
Q8NF91	0.30248365
Q8NF99	0.99972135
Q8NFA0	0.8531669
Q8NFB2	0.1136389
Q8NFC6	0.46936786
Q8NFD5	0.7892655
Q8NFF5	0.40224007
Q8NFG4	0.39002937
Q8NFH4	0.7015673
Q8NFH5	0.48685652
Q8NFI3	0.71632373
Q8NFJ5	0.99751484
Q8NFJ9	0.53879553
Q8NFM7	0.70521706
Q8NFN8	0.49231637
Q8NFP4	0.573229
Q8NFP7	0.5487025
Q8NFQ8	0.31776437
Q8NFR3	0.96906996
Q8NFR7	0.9938937
Q8NFT2	0.88637865
Q8NFT6	0.8624697
Q8NFU3	0.99872595
Q8NFU5	0.9943084
Q8NFU7	0.56058055
Q8NFV4	0.6391056
Q8NFW1	0.8931685
Q8NFW8	0.47647965
Q8NFW9	0.97855467
Q8NFY4	0.31853434
Q8NFZ4	0.46222198
Q8NFZ5	0.36795336
Q8NFZ8	0.9999869
Q8NG11	0.82026106
Q8NG27	0.9535645
Q8NG31	0.6138524
Q8NG48	0.36690322
Q8NG50	0.5096941
Q8NG66	0.40143126
Q8NG68	0.9982059
Q8NHH9	0.27538243
Q8NHM5	0.47566795
Q8NHP6	0.9455072
Q8NHQ1	0.49931282
Q8NHQ8	0.47822604
Q8NHQ9	0.99999964
Q8NHR7	0.9080451
Q8NHS1	0.33301222
Q8NHS3	0.88450915
Q8NHS4	0.97754693
Q8NHU0	0.9999378
Q8NHU6	0.65356416
Q8NHV1	0.8878063
Q8NHX9	0.96443903
Q8NHY5	0.5227395
Q8NHY6	0.34759203
Q8NHZ8	0.67195463
Q8NI08	0.89864475
Q8NI17	0.99968433
Q8NI27	0.5792148
Q8NI29	0.32594934
Q8NI35	0.5021357
Q8NI36	0.7742229
Q8NI37	0.42175558
Q8NI38	0.33809274
Q8NI60	0.56253994
Q8NI77	0.4475559
Q8TA86	0.68551946
Q8TAA5	0.7858934
Q8TAA9	0.24388552
Q8TAB3	0.40648523
Q8TAB5	0.8638637
Q8TAC1	0.2817859
Q8TAD4	0.46731287
Q8TAD7	0.94322324
Q8TAD8	0.63080215
Q8TAE7	0.9184335
Q8TAE8	0.52438897
Q8TAF3	0.8945483
Q8TAF7	0.7691015
Q8TAG6	0.32707828
Q8TAG9	0.9957266
Q8TAI7	0.913699
Q8TAK5	0.6411445
Q8TAL5	0.42913327
Q8TAM1	0.4137847
Q8TAP8	0.29916787
Q8TAP9	0.991778
Q8TAQ2	0.6314687
Q8TAQ5	0.41992947
Q8TAQ9	0.6734181
Q8TAT5	0.3743912
Q8TAT6	0.5017204
Q8TAU0	0.8775001
Q8TAU3	0.2668344
Q8TAV0	0.30465597
Q8TAV4	0.315177
Q8TAV5	0.36035007
Q8TAW3	0.56438583
Q8TB03	0.46942902
Q8TB05	0.6950627
Q8TB22	0.40688342
Q8TB36	0.67168295
Q8TB37	0.6654959
Q8TB40	0.54503345
Q8TB45	0.77404237
Q8TB52	0.3694113
Q8TB61	0.9996131
Q8TB68	0.49471778
Q8TB69	0.9968184
Q8TB72	0.56618917
Q8TB73	0.4301455
Q8TB96	0.655897
Q8TBA6	0.9890422
Q8TBB0	0.83265644
Q8TBB1	0.37838092
Q8TBB5	0.6317841
Q8TBC3	0.45447367
Q8TBC4	0.3848107
Q8TBC5	0.4411363
Q8TBE0	0.37861454
Q8TBE7	0.22133185
Q8TBE9	0.2410831
Q8TBF2	0.50802016
Q8TBF5	0.32275146
Q8TBF8	0.29797336
Q8TBG4	0.258239
Q8TBH0	0.5856495
Q8TBJ4	0.5447346
Q8TBK2	0.47694847
Q8TBK6	0.9997397
Q8TBM7	0.2500807
Q8TBN0	0.4186555
Q8TBP0	0.6644883
Q8TBP5	0.52083325
Q8TBX8	0.61447704
Q8TBY8	0.82231575
Q8TBY9	0.55902725
Q8TBZ2	0.9944401
Q8TBZ6	0.42884263
Q8TBZ8	0.5627641
Q8TBZ9	0.40945876
Q8TC05	0.36992726
Q8TC07	0.34114635
Q8TC17	0.6136302
Q8TC21	0.8142865
Q8TC27	0.9921278
Q8TC57	0.9988937
Q8TC76	0.9179168
Q8TC84	0.44092223
Q8TC92	0.38424924
Q8TCA0	0.6505825
Q8TCB0	0.419335
Q8TCB7	0.74870455
Q8TCD1	0.907731
Q8TCD5	0.9457944
Q8TCD6	0.9575817
Q8TCE6	0.45047188
Q8TCF1	0.38128793
Q8TCG1	0.2415353
Q8TCG2	0.43123564
Q8TCG5	0.4947461
Q8TCJ2	0.61932385
Q8TCN5	0.99949956
Q8TCQ1	0.73854965
Q8TCS8	0.51566404
Q8TCT0	0.9992538
Q8TCT1	0.46004158
Q8TCT6	0.46877286
Q8TCT7	0.42717385
Q8TCT8	0.91751796
Q8TCT9	0.34113356
Q8TCU4	0.4563656
Q8TCU6	1.0
Q8TCW7	0.5403882
Q8TCX1	0.35773048
Q8TCX5	0.3157172
Q8TCY0	0.5266953
Q8TCY9	0.3786444
Q8TCZ2	0.50259477
Q8TD06	0.48100236
Q8TD07	0.28448212
Q8TD08	0.9740215
Q8TD10	0.317807
Q8TD16	0.30880186
Q8TD17	0.54303926
Q8TD19	0.87144256
Q8TD20	0.482744
Q8TD22	0.33873543
Q8TD26	0.44119945
Q8TD30	0.3636637
Q8TD31	0.40521786
Q8TD35	0.6795972
Q8TD43	0.3317919
Q8TD46	0.5442287
Q8TD55	0.53141046
Q8TD57	0.9125273
Q8TDB4	0.33853152
Q8TDB6	0.4186624
Q8TDB8	0.5277708
Q8TDC3	0.49097192
Q8TDD1	0.48514476
Q8TDD5	0.99910516
Q8TDF5	0.66731465
Q8TDG4	0.999199
Q8TDI0	0.58426946
Q8TDM0	0.35839164
Q8TDM6	0.41253552
Q8TDN4	0.50854063
Q8TDN6	0.997884
Q8TDP1	0.22941075
Q8TDQ7	0.962952
Q8TDR2	0.7129426
Q8TDS4	0.12437019
Q8TDW0	0.5445026
Q8TDW4	0.41551763
Q8TDW5	0.23798792
Q8TDX6	0.31614658
Q8TDX7	0.45529914
Q8TDY2	0.38432467
Q8TDY4	0.9999999
Q8TDY8	0.520066
Q8TE02	0.37319374
Q8TE12	0.9432364
Q8TE49	0.4317812
Q8TE56	0.32824755
Q8TE58	0.6555298
Q8TE59	0.65142983
Q8TE67	0.48852623
Q8TE68	0.4910572
Q8TE76	0.7192703
Q8TE77	0.5193077
Q8TE82	0.9999175
Q8TE85	0.15439889
Q8TE96	0.5020577
Q8TEA1	0.84030825
Q8TEA7	0.39960164
Q8TEA8	0.5451913
Q8TEB1	0.7631327
Q8TEB9	0.22831024
Q8TEC5	0.38391912
Q8TED0	0.5832976
Q8TED1	0.28194156
Q8TEE9	0.60326594
Q8TEH3	0.5431199
Q8TEJ3	0.40237594
Q8TEK3	0.39290044
Q8TEL6	0.19264205
Q8TEP8	0.3323915
Q8TEQ6	0.8292013
Q8TEQ8	0.9876671
Q8TES7	0.8187539
Q8TET4	0.3742238
Q8TEV9	0.47580826
Q8TEW0	0.91374993
Q8TEW6	0.1584284
Q8TEW8	0.84554416
Q8TEX9	0.09935179
Q8TEY5	0.6634684
Q8TEY7	0.6458829
Q8TEZ7	0.3415537
Q8TF01	0.37888068
Q8TF05	0.37424475
Q8TF17	0.42193753
Q8TF20	0.25997007
Q8TF21	0.42789444
Q8TF30	0.4096781
Q8TF39	0.945266
Q8TF42	0.35328886
Q8TF44	0.4039231
Q8TF45	0.45964795
Q8TF46	0.40485173
Q8TF47	0.59865516
Q8TF50	0.6759129
Q8TF61	0.44648427
Q8TF62	0.7804887
Q8TF64	0.9952495
Q8TF65	0.36651924
Q8TF66	0.64148116
Q8TF68	0.64613646
Q8TF71	0.59542006
Q8TF74	0.5036236
Q8TF76	0.31291154
Q8WTP8	0.4128252
Q8WTR2	0.38394335
Q8WTR4	0.8436779
Q8WTR7	0.2219847
Q8WTS1	0.9214822
Q8WTS6	0.98521334
Q8WTT2	0.9787981
Q8WTV0	0.94763595
Q8WTV1	0.95564085
Q8WTW4	0.3903676
Q8WTX9	0.66286325
Q8WU03	0.33813867
Q8WU08	0.8225419
Q8WU10	0.9954
Q8WU20	0.4435922
Q8WU58	0.49917904
Q8WU67	0.99768627
Q8WU68	0.47471693
Q8WU76	0.55112576
Q8WU90	0.5083371
Q8WUA2	0.5060601
Q8WUA7	0.7134974
Q8WUA8	0.6081991
Q8WUB2	0.31436804
Q8WUB8	0.77158856
Q8WUD4	0.45396528
Q8WUD6	0.9472505
Q8WUF5	0.24180277
Q8WUF8	0.53443605
Q8WUH1	0.76876724
Q8WUH2	0.8506374
Q8WUI4	0.41560656
Q8WUJ0	0.4992337
Q8WUJ1	0.38222182
Q8WUK0	0.44556347
Q8WUM4	0.6429461
Q8WUM9	0.6442209
Q8WUP2	0.9882665
Q8WUQ7	0.22165614
Q8WUR7	0.18883899
Q8WUT4	0.61466056
Q8WUT9	0.2568468
Q8WUU4	0.7852686
Q8WUU5	0.6867225
Q8WUW1	0.568874
Q8WUX1	0.9280108
Q8WUX2	0.29670793
Q8WUX9	0.8674597
Q8WUY1	0.31178454
Q8WUY8	0.5017852
Q8WUY9	0.5449979
Q8WUZ0	0.400635
Q8WV07	0.3659596
Q8WV15	0.37452754
Q8WV16	0.24800196
Q8WV19	0.9902772
Q8WV22	0.9537053
Q8WV24	0.5447949
Q8WV28	0.47865582
Q8WV35	0.18730614
Q8WV37	0.7649812
Q8WV44	0.7696023
Q8WV48	0.6659523
Q8WV74	0.5777427
Q8WV83	0.31390893
Q8WV92	0.8782469
Q8WV93	0.30195233
Q8WV99	0.999984
Q8WVB3	0.6735623
Q8WVB6	0.48405135
Q8WVC0	0.47142383
Q8WVC6	0.5367667
Q8WVD3	0.6780746
Q8WVD5	0.44212112
Q8WVE0	0.36349955
Q8WVF1	0.9999361
Q8WVF5	0.6689443
Q8WVI0	0.40598893
Q8WVI7	0.75517416
Q8WVK2	0.68181133
Q8WVL7	0.5240102
Q8WVM7	0.8368134
Q8WVM8	0.25103277
Q8WVP7	0.24975105
Q8WVR3	0.8001707
Q8WVS4	0.38718295
Q8WVV4	0.85902673
Q8WVV5	0.4459633
Q8WVV9	0.55668706
Q8WVX3	0.3759466
Q8WVX9	0.61396366
Q8WVY7	1.0
Q8WW01	0.9977329
Q8WW12	0.87379724
Q8WW14	0.47371513
Q8WW18	0.52167815
Q8WW22	0.40556747
Q8WW24	0.41474178
Q8WW33	0.38375866
Q8WW35	0.70306385
Q8WW38	0.89287794
Q8WW52	0.84511805
Q8WW59	0.23821566
Q8WWA1	0.4280517
Q8WWB5	0.57045305
Q8WWC4	0.56420887
Q8WWF1	0.2438356
Q8WWF8	0.32365745
Q8WWG9	0.5017305
Q8WWH4	0.39735162
Q8WWH5	0.9698104
Q8WWI1	0.36214712
Q8WWI5	0.54277384
Q8WWK9	0.32740384
Q8WWL2	0.39172933
Q8WWL7	0.38068345
Q8WWM1	0.45233956
Q8WWM7	0.5047318
Q8WWM9	0.9958883
Q8WWN9	0.96531606
Q8WWP7	0.2875816
Q8WWQ0	0.9596529
Q8WWQ8	0.2760937
Q8WWT9	0.48676476
Q8WWX0	0.40410444
Q8WWX8	0.5431614
Q8WWX9	0.30500588
Q8WWY3	0.37305948
Q8WWZ3	0.15224552
Q8WWZ7	0.2324761
Q8WX77	0.9997092
Q8WX92	0.99235004
Q8WX93	0.28500265
Q8WX94	0.79706985
Q8WXA3	0.5294174
Q8WXA9	0.9874356
Q8WXB1	0.7682277
Q8WXB4	0.68628436
Q8WXC6	0.74495745
Q8WXD2	0.75484544
Q8WXD5	0.6858937
Q8WXD9	0.60345805
Q8WXE0	0.6960866
Q8WXE1	0.3224231
Q8WXE9	0.9310445
Q8WXF1	0.90160006
Q8WXF8	0.43605015
Q8WXG1	0.98122865
Q8WXG6	0.40268874
Q8WXG9	0.49840686
Q8WXH0	0.5325383
Q8WXH2	0.44288403
Q8WXH5	0.3758231
Q8WXI2	0.9613175
Q8WXI4	0.27117
Q8WXI9	0.40146145
Q8WXK3	0.9884598
Q8WXQ8	0.3963035
Q8WXS3	0.21295233
Q8WXS4	0.99018085
Q8WXS8	0.31927595
Q8WXT5	0.4419546
Q8WXU2	0.37131673
Q8WXW3	0.75276595
Q8WXX0	0.3129674
Q8WXX5	0.71777374
Q8WXX7	0.49617192
Q8WY21	0.5158082
Q8WY22	0.29291597
Q8WY36	0.48561546
Q8WY41	0.13636269
Q8WY54	0.9682359
Q8WY91	0.6861293
Q8WY98	0.9893388
Q8WYA1	0.62111634
Q8WYA6	0.42514873
Q8WYB5	0.99998355
Q8WYJ6	0.5263623
Q8WYK0	0.45578638
Q8WYK1	0.9999987
Q8WYK2	0.9566292
Q8WYL5	0.80013216
Q8WYN0	0.2123658
Q8WYN3	0.982876
Q8WYP3	0.36706445
Q8WYP5	0.9992273
Q8WYQ3	0.5985836
Q8WYQ9	0.26599196
Q8WYR1	0.2917406
Q8WYR4	0.5370648
Q8WZ04	0.21301034
Q8WZ19	0.91363287
Q8WZ64	0.6425093
Q8WZ73	0.9885654
Q8WZ74	0.40428507
Q8WZ75	0.19919094
Q8WZ82	0.36006707
Q8WZA0	0.41213167
Q8WZA2	0.43922812
Q8WZA9	0.8844082
Q92186	0.6502541
Q92187	0.80864775
Q92466	0.42810833
Q92481	0.3090924
Q92482	0.48933208
Q92484	0.9944528
Q92485	0.39933094
Q92499	0.33356756
Q92503	0.81820536
Q92504	0.27085525
Q92519	0.5526085
Q92520	0.9038615
Q92521	0.5634595
Q92522	0.99910307
Q92526	0.37617165
Q92527	0.4450491
Q92529	0.49173835
Q92530	0.5107487
Q92536	0.4505975
Q92537	0.6238766
Q92538	0.3716798
Q92539	0.85250324
Q92540	0.34626427
Q92541	0.621839
Q92542	0.40294704
Q92543	0.8201337
Q92544	0.39508766
Q92545	0.99739873
Q92546	0.40771976
Q92547	0.5397837
Q92551	0.97779423
Q92560	0.3825853
Q92561	0.44549716
Q92562	0.6907439
Q92563	0.97684413
Q92564	0.6289639
Q92565	0.80236995
Q92567	0.4471694
Q92569	0.9441964
Q92572	0.48897165
Q92574	0.40555593
Q92575	0.46776357
Q92576	0.2790085
Q92581	0.82320344
Q92585	1.0
Q92597	0.43368852
Q92598	0.46547768
Q92599	0.59344125
Q92609	0.59265554
Q92610	0.37609103
Q92611	0.74454546
Q92613	0.97793853
Q92615	0.44226366
Q92616	0.43540117
Q92617	0.43900833
Q92618	0.43387026
Q92620	0.5556127
Q92622	0.6298623
Q92625	0.7295679
Q92628	0.34533533
Q92630	0.53628993
Q92633	0.99983597
Q92636	0.99808323
Q92664	0.6668805
Q92665	0.60617495
Q92667	0.55636305
Q92673	0.7624039
Q92674	0.7489991
Q92681	0.8378666
Q92688	0.5431792
Q92692	1.0
Q92696	0.29916304
Q92698	0.40846005
Q92730	0.74252206
Q92733	0.5553186
Q92734	0.99993753
Q92736	0.1586041
Q92743	0.3748303
Q92747	0.47061348
Q92748	0.51351786
Q92750	0.908215
Q92753	0.4942664
Q92754	0.5068094
Q92759	0.4192772
Q92766	0.8027559
Q92769	0.87531114
Q92772	0.54254305
Q92777	0.28181276
Q92781	0.94716614
Q92782	0.7563991
Q92783	0.62624526
Q92784	0.59919274
Q92785	0.56175023
Q92786	0.36116114
Q92793	0.8493891
Q92794	0.98317957
Q92796	0.99222857
Q92797	0.5407851
Q92800	0.7066355
Q92802	0.54452276
Q92804	0.59612304
Q92805	0.8372623
Q92813	0.74505
Q92817	0.48804414
Q92819	0.9286357
Q92824	0.9042065
Q92826	0.8654249
Q92828	0.375471
Q92833	0.4452335
Q92834	0.64328575
Q92835	0.35998234
Q92837	0.95536846
Q92838	0.98062813
Q92839	0.48785523
Q92841	0.93689895
Q92844	0.57867515
Q92851	0.5804756
Q92854	0.99841654
Q92859	0.49310455
Q92870	0.7701545
Q92874	0.77423364
Q92876	0.6012832
Q92878	0.45189393
Q92879	0.543512
Q92882	0.3370882
Q92888	0.31889328
Q92889	0.9370135
Q92890	0.48795033
Q92896	0.6963516
Q92900	0.4382402
Q92901	0.42194426
Q92903	0.5107208
Q92905	0.5025667
Q92908	0.47815195
Q92913	0.51982725
Q92914	0.7337361
Q92915	0.90805316
Q92917	0.5806314
Q92922	0.44500595
Q92925	0.35239404
Q92930	0.8306601
Q92932	0.858619
Q92934	0.53163767
Q92945	0.6218733
Q92947	0.987171
Q92952	0.3717917
Q92953	0.9608189
Q92956	0.5923961
Q92966	0.64411646
Q92968	0.7678129
Q92973	0.5757643
Q92979	0.9999405
Q92985	0.5558996
Q92988	0.26698306
Q92989	0.77180165
Q92990	0.39546588
Q92993	0.5171469
Q92994	0.7791635
Q92995	0.4085116
Q92997	0.672598
Q93008	0.7034451
Q93033	0.6403056
Q93034	0.45997205
Q93038	0.5615538
Q93045	0.6291331
Q93050	0.9576651
Q93052	0.4823705
Q93062	0.20381655
Q93063	0.20636691
Q93070	0.51477724
Q93073	0.5696087
Q93074	0.9916045
Q93075	0.9588922
Q93079	0.4268314
Q93086	0.34320012
Q93088	0.36598969
Q93097	0.9316795
Q93099	0.3275583
Q93100	0.8886832
Q95460	0.4210004
Q969E2	0.9880712
Q969E8	0.9821378
Q969F1	0.98699456
Q969F8	0.7479648
Q969F9	0.8999482
Q969G2	0.7365077
Q969G3	0.88943326
Q969G5	0.4844605
Q969G6	0.73981977
Q969G9	0.8250522
Q969H0	0.7418734
Q969H4	0.37011555
Q969H6	0.42306682
Q969H9	0.5204085
Q969I3	0.8099747
Q969J2	0.5296342
Q969J3	0.41964185
Q969K3	0.7716887
Q969K4	0.82161105
Q969K7	0.98853815
Q969L4	0.5311194
Q969M3	0.7055984
Q969M7	0.2492929
Q969P5	0.18669856
Q969P6	0.8396294
Q969Q0	0.4880861
Q969Q5	0.41208953
Q969Q6	0.86914545
Q969R2	0.5933318
Q969R5	0.7404599
Q969R8	0.5352477
Q969S2	0.39901882
Q969S3	0.36582455
Q969S8	0.9177815
Q969T3	0.5951435
Q969T9	0.12579554
Q969U6	0.29441893
Q969U7	0.9952226
Q969V3	0.7401059
Q969V5	0.39650294
Q969V6	0.34722406
Q969W1	0.47435996
Q969W3	0.326004
Q969W8	0.74873716
Q969W9	0.83471394
Q969X0	0.4667126
Q969X1	0.81141204
Q969X2	0.58760214
Q969X5	0.8819029
Q969X6	0.2062398
Q969Y0	0.9859021
Q969Y2	0.44070235
Q969Z0	0.72036815
Q969Z4	0.78905433
Q96A00	0.9443849
Q96A04	0.9971206
Q96A19	0.8412647
Q96A22	0.42677575
Q96A23	0.40246737
Q96A26	0.7142503
Q96A29	0.8042678
Q96A33	0.464242
Q96A37	0.31424862
Q96A44	0.49484265
Q96A47	0.516113
Q96A49	0.79046094
Q96A56	0.20754737
Q96A57	0.55178493
Q96A59	0.8050768
Q96A61	0.9440714
Q96A65	0.9981147
Q96A73	0.42869204
Q96A83	0.9915365
Q96A99	0.46382284
Q96AA3	0.90350795
Q96AA8	0.55389726
Q96AB3	0.46024594
Q96AB6	0.42195615
Q96AC1	0.20046785
Q96AC6	0.5286159
Q96AD5	0.81555504
Q96AE4	0.39400804
Q96AE7	0.6288729
Q96AG3	0.5598075
Q96AG4	0.69791234
Q96AH0	0.51404625
Q96AJ1	0.5504689
Q96AM1	0.39982772
Q96AN5	0.96054107
Q96AP0	0.97612315
Q96AP4	0.987525
Q96AP7	0.58411777
Q96AQ1	0.8884145
Q96AQ2	0.75499165
Q96AQ6	0.9748161
Q96AQ9	0.42951533
Q96AT1	0.43554753
Q96AV8	0.98589176
Q96AX1	0.274104
Q96AY2	0.54234934
Q96AY3	0.8357613
Q96AY4	0.71509004
Q96AZ1	0.34224427
Q96B01	0.18563017
Q96B02	0.5491826
Q96B18	0.92505276
Q96B21	0.1781862
Q96B23	0.95998454
Q96B26	0.571391
Q96B33	0.24432863
Q96B36	0.461771
Q96B42	0.59558344
Q96B45	0.9963851
Q96B49	0.4758644
Q96B54	0.6560764
Q96B77	0.8369076
Q96B86	0.40789378
Q96B96	0.9823225
Q96B97	0.56236446
Q96BA8	0.54963243
Q96BD0	0.5119397
Q96BD8	0.29942992
Q96BF6	0.99820995
Q96BH1	0.9085113
Q96BJ3	0.6545087
Q96BJ8	0.5158684
Q96BN2	0.38424098
Q96BN6	0.54869187
Q96BN8	0.8635472
Q96BP2	0.6325857
Q96BP3	0.9981218
Q96BQ5	0.86517125
Q96BR1	0.9998882
Q96BR5	0.48087895
Q96BR6	0.37803292
Q96BR9	0.7147677
Q96BS2	0.5240352
Q96BT3	0.9985424
Q96BT7	0.92552674
Q96BU1	0.6568695
Q96BW1	0.96167123
Q96BW5	0.20469841
Q96BW9	0.5886743
Q96BX8	0.34983045
Q96BY2	0.35848653
Q96BY6	0.3705979
Q96BY7	0.50019646
Q96BY9	0.37173676
Q96BZ8	0.5359206
Q96C00	0.7536891
Q96C01	0.5746695
Q96C10	0.3706136
Q96C11	0.8932243
Q96C12	0.48231468
Q96C19	0.48322472
Q96C23	0.85769635
Q96C24	0.45771006
Q96C28	0.5455873
Q96C34	0.44571114
Q96C36	0.5605788
Q96C45	0.37839153
Q96C55	0.36481038
Q96C57	0.9870841
Q96C86	0.46971956
Q96CA5	0.5599902
Q96CB8	0.9325556
Q96CC6	0.9594942
Q96CD0	0.6158442
Q96CD2	0.56917137
Q96CE8	0.85765505
Q96CG3	0.36787406
Q96CG8	0.52519035
Q96CK0	0.45733806
Q96CM3	0.43751705
Q96CM8	0.45255563
Q96CN4	0.95536554
Q96CN5	0.84676963
Q96CN7	0.72225565
Q96CN9	0.99762934
Q96CP2	0.38739875
Q96CP6	0.5905833
Q96CQ1	0.6682449
Q96CS2	0.5368674
Q96CS3	0.999569
Q96CS4	0.9942491
Q96CT2	0.53537667
Q96CT7	0.5175304
Q96CU9	0.7238106
Q96CV9	0.70501417
Q96CW1	0.33398566
Q96CW6	0.3039106
Q96CX2	0.38121408
Q96CX3	0.2630263
Q96CX6	0.22394517
Q96D03	0.5026242
Q96D05	0.7623906
Q96D09	0.44874492
Q96D15	0.6250882
Q96D21	0.5199196
Q96D31	0.2135694
Q96D42	0.9990702
Q96D46	0.5857655
Q96D53	0.5959941
Q96D70	0.36719143
Q96D71	0.9463129
Q96DA0	0.99774593
Q96DB5	0.68831414
Q96DB9	0.4862234
Q96DC7	0.5479571
Q96DC8	0.9990889
Q96DE0	0.40293846
Q96DE5	0.38402227
Q96DF8	0.7637308
Q96DH6	0.32275063
Q96DI7	0.26649565
Q96DM1	0.77473557
Q96DM3	0.36806184
Q96DN2	0.8926641
Q96DN5	0.7503106
Q96DN6	0.53446317
Q96DP5	0.39159805
Q96DR4	0.40650225
Q96DR7	0.622617
Q96DT6	0.34900314
Q96DT7	0.57278264
Q96DU7	0.98813176
Q96DV4	0.81670743
Q96DX7	0.5136457
Q96DX8	0.5565098
Q96DY2	0.3759595
Q96DY7	0.8275482
Q96DZ9	0.42078346
Q96E09	0.9763633
Q96E11	0.4877117
Q96E14	0.9317717
Q96E17	0.3905401
Q96E22	0.53977007
Q96E29	0.69784313
Q96E35	0.51087666
Q96E39	0.41752988
Q96E40	0.5629627
Q96E52	0.43038526
Q96E93	0.9823736
Q96EA4	0.9228113
Q96EB1	0.26416478
Q96EB6	0.62814754
Q96EC8	0.47331762
Q96ED9	0.42091513
Q96EE4	0.278748
Q96EF9	0.69085485
Q96EG3	0.9999144
Q96EH3	0.3983744
Q96EK2	0.71687895
Q96EK4	0.43534198
Q96EK7	0.4935539
Q96EK9	0.8341949
Q96EL1	0.842855
Q96EL2	0.9693225
Q96EL3	0.9991854
Q96EM0	0.8200772
Q96EN8	0.739807
Q96EN9	0.518884
Q96EP0	0.1546118
Q96EP1	0.3816815
Q96EP5	0.49435493
Q96EQ0	0.75619036
Q96EQ8	0.7379353
Q96ER3	0.3674988
Q96ER9	0.52656615
Q96ES6	0.75103545
Q96ES7	0.99999905
Q96ET8	0.6716972
Q96EU6	0.40530643
Q96EU7	0.36654997
Q96EV2	0.50405014
Q96EV8	0.26394084
Q96EW2	0.26753598
Q96EX1	0.49862632
Q96EX2	0.33210754
Q96EX3	0.43935102
Q96EY1	0.77618927
Q96EY4	0.99998295
Q96EY5	0.1643504
Q96EY7	0.39364213
Q96EY8	0.47649357
Q96EY9	0.43109736
Q96EZ4	0.81408685
Q96EZ8	0.5200605
Q96F05	0.8314781
Q96F07	0.33628178
Q96F24	0.7691637
Q96F25	0.33964455
Q96F44	0.4963386
Q96F45	0.710484
Q96F46	0.34272113
Q96F63	0.8748523
Q96F81	0.98181134
Q96F83	0.5218843
Q96F85	0.55019116
Q96F86	0.9999074
Q96FA3	0.61249584
Q96FA7	0.49367484
Q96FB5	0.9314943
Q96FC7	0.17021853
Q96FC9	0.5686942
Q96FE5	0.4381467
Q96FF9	0.51652557
Q96FG2	0.640148
Q96FH0	0.98830974
Q96FI4	0.42103225
Q96FJ0	0.5468258
Q96FJ2	0.7238327
Q96FK6	0.37778413
Q96FL9	0.4129207
Q96FM1	0.37517542
Q96FN4	0.5520215
Q96FN5	0.44299865
Q96FN9	0.6929094
Q96FQ6	0.4015654
Q96FS4	0.74089724
Q96FT9	0.5172332
Q96FV0	0.6142213
Q96FV2	0.47040585
Q96FV3	0.38622043
Q96FV9	0.98280245
Q96FW1	0.13554066
Q96FX2	0.47902262
Q96FZ2	0.43480918
Q96FZ5	0.7767205
Q96G01	0.85763466
Q96G03	0.28683466
Q96G04	0.99280566
Q96G21	0.9967314
Q96G23	0.15367468
Q96G25	0.47629023
Q96G27	0.51365286
Q96G46	0.5626012
Q96G61	0.5487024
Q96G74	0.72990346
Q96G75	0.39238966
Q96GA3	0.49748996
Q96GA7	0.45218223
Q96GC6	0.8135157
Q96GC9	0.7802089
Q96GD3	0.61849004
Q96GD4	0.803342
Q96GE4	0.62534726
Q96GE5	0.46904346
Q96GE6	0.93215805
Q96GG9	0.31590378
Q96GI7	0.51877517
Q96GJ1	0.49129036
Q96GM1	0.50566643
Q96GM5	0.99936336
Q96GM8	0.96994185
Q96GN5	0.59892905
Q96GP6	0.9927705
Q96GQ5	0.9993948
Q96GQ7	0.8251639
Q96GR2	0.74310464
Q96GR4	0.4307553
Q96GS4	0.72965103
Q96GS6	0.7980151
Q96GU1	0.45942318
Q96GW9	0.68813014
Q96GX1	0.7510358
Q96GX2	0.45032537
Q96GX5	0.51211536
Q96GX8	0.30700704
Q96GX9	0.5183531
Q96GY0	0.45378497
Q96GY3	0.6518418
Q96GZ6	0.35523474
Q96H12	0.7369532
Q96H20	0.21019828
Q96H22	0.544253
Q96H35	0.9603992
Q96H55	0.44094136
Q96H72	0.20603937
Q96H78	0.4263349
Q96H79	0.6597232
Q96H86	0.47345802
Q96H96	0.29431275
Q96HA1	0.45204225
Q96HA4	0.44246098
Q96HA7	0.8305898
Q96HA8	0.53352374
Q96HB5	0.43174392
Q96HC4	0.704126
Q96HD1	0.4776663
Q96HE8	0.4095549
Q96HE9	0.33166796
Q96HF1	0.55562514
Q96HH4	0.61386484
Q96HH9	0.6328781
Q96HJ3	0.9330378
Q96HJ9	0.5745613
Q96HL8	0.72432166
Q96HM7	0.7554605
Q96HN2	0.23217261
Q96HP0	0.35233626
Q96HP4	0.7184607
Q96HP8	0.32987544
Q96HQ0	0.9109371
Q96HR3	0.4507169
Q96HR8	0.41577554
Q96HR9	0.44027236
Q96HS1	0.9922707
Q96HU1	0.58825004
Q96HV5	0.77555835
Q96HW7	0.99998486
Q96HY6	0.37105137
Q96HY7	0.43451744
Q96HZ4	0.9899531
Q96I13	0.6008547
Q96I15	0.5004338
Q96I23	0.4276181
Q96I24	0.5774583
Q96I25	0.6433668
Q96I27	0.7071733
Q96I34	0.24345657
Q96I36	0.47296897
Q96I45	0.49717718
Q96I51	0.5205348
Q96I59	0.55317354
Q96I76	0.35869744
Q96I99	0.67021126
Q96IC2	0.54908293
Q96IF1	0.7638734
Q96IG2	0.5432211
Q96II8	0.76224774
Q96IJ6	0.7738026
Q96IK0	0.50698894
Q96IP4	0.52277756
Q96IQ7	0.48940596
Q96IQ9	0.3558249
Q96IR7	0.919845
Q96IT1	0.5999196
Q96IU2	0.23042135
Q96IU4	0.57647187
Q96IW2	0.6494042
Q96IX5	0.3549426
Q96IY1	0.7551235
Q96IZ0	0.58310664
Q96IZ2	0.95099336
Q96IZ5	0.56382066
Q96IZ7	0.975465
Q96J01	0.99998116
Q96J02	0.359021
Q96J42	0.60456645
Q96J86	0.5589746
Q96J87	0.36924297
Q96J88	0.3823299
Q96JA1	0.47029403
Q96JA3	0.9419113
Q96JB2	0.8354756
Q96JB3	0.21839204
Q96JB5	0.8631384
Q96JB6	0.8949039
Q96JB8	0.774089
Q96JC9	0.9995142
Q96JD6	0.39493173
Q96JE7	0.32265154
Q96JE9	0.31759822
Q96JF0	0.9913931
Q96JF6	0.35576454
Q96JG6	0.39091676
Q96JG9	0.991486
Q96JH7	0.3762079
Q96JH8	0.9999999
Q96JI7	0.488215
Q96JJ3	0.8867706
Q96JJ6	0.37453333
Q96JK2	0.52279115
Q96JK9	0.999943
Q96JL9	0.4149584
Q96JM2	0.4773412
Q96JM3	0.7392509
Q96JM7	0.8734577
Q96JN0	0.37325236
Q96JN2	0.99912053
Q96JP0	0.4351167
Q96JP2	0.41772324
Q96JP5	0.91306216
Q96JQ0	0.17720287
Q96JQ2	0.9969386
Q96JS3	0.71249616
Q96JT2	0.48114648
Q96JY6	0.62102944
Q96JZ2	0.25624996
Q96K12	0.44210717
Q96K17	0.27296546
Q96K30	0.79988605
Q96K31	0.69085485
Q96K37	0.98713475
Q96K49	0.8795712
Q96K58	0.9999832
Q96K62	0.35198814
Q96K75	0.9947247
Q96K76	0.98991406
Q96K80	0.9986733
Q96K83	0.5785698
Q96KA5	0.38558814
Q96KB5	0.3930675
Q96KC8	0.48585385
Q96KD3	0.68830836
Q96KE9	0.550537
Q96KF7	0.6136982
Q96KG9	0.45244867
Q96KM6	0.37042457
Q96KN1	0.21433292
Q96KN3	0.45151293
Q96KN4	0.29136613
Q96KP1	0.8939343
Q96KP4	0.8552525
Q96KQ4	0.7484567
Q96KQ7	0.9854865
Q96KR1	0.4991172
Q96KR4	0.6011017
Q96KR6	0.49803033
Q96KR7	0.6191473
Q96KS0	0.34806693
Q96KS9	0.13852812
Q96KV7	0.8015364
Q96KX1	0.27963588
Q96L03	0.46985906
Q96L08	0.9672989
Q96L21	0.44145977
Q96L34	0.28297195
Q96L42	0.31851977
Q96L46	0.23533642
Q96L50	0.41442505
Q96L73	0.61743087
Q96L91	0.48306984
Q96L92	0.5751867
Q96L93	0.89323103
Q96L94	0.40226772
Q96L96	0.50529194
Q96LA8	0.14985856
Q96LB3	0.44649372
Q96LB8	0.47261202
Q96LC7	0.3594367
Q96LC9	0.35270783
Q96LD4	0.45662665
Q96LD8	0.9569876
Q96LI5	0.3727047
Q96LJ7	0.42653558
Q96LJ8	0.48367414
Q96LK0	0.86283237
Q96LL4	0.48293546
Q96LR2	0.7867864
Q96LR5	0.6189255
Q96LR9	0.34040594
Q96LT6	0.34359235
Q96LT9	0.39390564
Q96LU7	0.97254634
Q96LW1	0.6019378
Q96LW4	0.49874544
Q96LW7	0.37731108
Q96LW9	0.72237426
Q96LX8	1.0
Q96LY2	0.8884145
Q96LZ3	0.41507602
Q96LZ7	0.9118544
Q96M02	0.9337712
Q96M11	0.5649382
Q96M27	0.459871
Q96M29	0.4923405
Q96M60	0.80549735
Q96M83	0.6091658
Q96M86	0.7333478
Q96M89	0.4542837
Q96M91	0.24803515
Q96M94	0.91194993
Q96M96	0.48160392
Q96MB7	0.7795467
Q96MC4	0.67034084
Q96MC5	0.32984573
Q96MC6	0.9959675
Q96MD2	0.3265481
Q96MD7	0.7239849
Q96ME1	0.23013842
Q96ME7	0.23689887
Q96MF2	0.52292335
Q96MF6	0.34534335
Q96MF7	0.7250369
Q96MG2	0.20945665
Q96MG8	0.5061207
Q96MH2	0.88513374
Q96MH6	0.9980574
Q96MK2	0.20562422
Q96MM7	0.40513697
Q96MN5	0.84082115
Q96MN9	0.4737849
Q96MP5	0.93154114
Q96MR6	0.33700064
Q96MR9	0.48456824
Q96MS3	0.27987158
Q96MT1	0.37055823
Q96MT3	0.43405852
Q96MT8	0.8177069
Q96MU6	0.89041835
Q96MU7	0.46843854
Q96MU8	0.9356414
Q96MV1	0.9998752
Q96MV8	0.98149234
Q96MW1	0.19190721
Q96MW7	0.95883703
Q96MX0	0.67340565
Q96MX3	0.66976243
Q96MX6	0.4413804
Q96MY1	0.5995237
Q96MZ0	0.50491935
Q96N06	0.46430105
Q96N11	0.42383152
Q96N19	0.5621832
Q96N20	0.52307653
Q96N21	0.9676216
Q96N23	0.31285417
Q96N46	0.29296172
Q96N64	0.8928733
Q96N66	0.19575168
Q96N77	0.40192965
Q96N96	0.61578315
Q96NA8	0.6783015
Q96NB1	0.5738989
Q96NB2	0.2784556
Q96NB3	0.34302786
Q96NC0	0.5014601
Q96ND0	0.8331561
Q96ND8	0.3234943
Q96NE9	0.86176896
Q96NG8	0.39779565
Q96NH3	0.6675097
Q96NI8	0.42859977
Q96NJ6	0.581414
Q96NL1	0.44045833
Q96NL3	0.9903138
Q96NL6	0.5488707
Q96NL8	0.51114273
Q96NM4	0.43390656
Q96NN9	0.68119097
Q96NS5	0.57443213
Q96NT0	0.44742125
Q96NT1	0.3365298
Q96NT3	0.91910964
Q96NT5	0.45771605
Q96NU1	0.8832947
Q96NU7	0.56103176
Q96NW4	0.94257253
Q96NY8	0.42151937
Q96NY9	0.97302824
Q96NZ1	0.8019696
Q96NZ9	0.99926287
Q96P11	0.7397954
Q96P16	0.7754564
Q96P44	0.43837312
Q96P48	0.61967874
Q96P50	0.4608858
Q96P68	0.39673135
Q96P70	0.66555274
Q96P71	0.716615
Q96PB1	0.980006
Q96PB7	0.9008351
Q96PC2	0.30377364
Q96PC3	0.58420235
Q96PD2	0.55096984
Q96PD5	0.42017862
Q96PE2	0.5335426
Q96PE3	0.28182712
Q96PE7	0.84857845
Q96PG8	0.36457512
Q96PK6	0.9768793
Q96PM5	0.17790392
Q96PM9	0.49809244
Q96PN7	0.40398067
Q96PN8	0.8159276
Q96PP8	0.40883166
Q96PP9	0.39177743
Q96PQ0	0.27533263
Q96PQ6	0.5531185
Q96PR1	0.32767397
Q96PU4	0.4217574
Q96PU5	0.57219845
Q96PU8	0.41560856
Q96PV0	0.3031236
Q96PV6	0.7180842
Q96PV7	0.9859657
Q96PX1	0.9681368
Q96PX9	0.5625804
Q96PY5	0.667171
Q96PY6	0.85529095
Q96PZ0	0.3754778
Q96PZ2	0.99810433
Q96PZ7	0.98964417
Q96Q04	0.2589516
Q96Q05	0.5251423
Q96Q06	0.52825075
Q96Q07	0.42962232
Q96Q11	0.60259336
Q96Q15	0.16826056
Q96Q35	0.86609304
Q96Q40	0.43200397
Q96Q80	0.94550073
Q96Q83	0.62449616
Q96QA5	0.997644
Q96QB1	0.71670437
Q96QC0	0.9755105
Q96QD5	0.98812395
Q96QD8	0.60487103
Q96QD9	0.54644054
Q96QE2	0.6931917
Q96QE4	0.42265388
Q96QE5	0.36881936
Q96QF0	0.22273405
Q96QF7	0.8648654
Q96QG7	0.73639137
Q96QH2	0.54019606
Q96QK1	0.9973411
Q96QP1	0.5753392
Q96QR8	0.3010545
Q96QT4	0.3711265
Q96QT6	0.5302638
Q96QU6	0.7639023
Q96QU8	0.84119755
Q96QV1	0.38505822
Q96QZ7	0.53286403
Q96R05	0.9170129
Q96RD6	0.68022716
Q96RD7	0.4308623
Q96RE7	0.978534
Q96RE9	0.51890844
Q96RF0	0.46267834
Q96RG2	0.4425645
Q96RI1	0.36984694
Q96RJ3	0.3461548
Q96RK0	0.988608
Q96RK1	0.98254114
Q96RK4	0.4757858
Q96RL1	0.9983342
Q96RN5	0.5034032
Q96RP3	0.80008304
Q96RP7	0.5196762
Q96RP9	0.41764122
Q96RQ1	0.9995378
Q96RQ3	0.740481
Q96RR4	0.2704784
Q96RS0	0.96218306
Q96RS6	0.4197604
Q96RT1	0.6309616
Q96RT8	0.3988292
Q96RU2	0.5400383
Q96RU7	0.8429497
Q96RU8	0.18586172
Q96RV3	0.429912
Q96RY5	0.41156322
Q96S38	0.9383204
Q96S53	0.7228098
Q96S55	0.48978084
Q96S59	0.311529
Q96S65	0.98759776
Q96S66	0.99116397
Q96S79	0.98531806
Q96S82	0.3816112
Q96S90	0.62449616
Q96S94	0.47971162
Q96S95	0.67975736
Q96S97	0.5543472
Q96SB4	0.56482434
Q96SB8	0.4758813
Q96SC8	0.4418374
Q96SD1	0.27389616
Q96SE7	0.39156497
Q96SF7	0.359309
Q96SI1	0.6243638
Q96SK2	0.7901397
Q96SK3	0.5757387
Q96SL1	0.37451395
Q96SL4	0.99925286
Q96SL8	0.5505684
Q96SN7	0.43886667
Q96SN8	0.7161327
Q96SQ5	0.26683444
Q96SQ7	0.49779958
Q96SQ9	0.36992455
Q96SR6	0.4539183
Q96ST2	0.34295702
Q96ST3	0.6477358
Q96ST8	0.4999715
Q96SU4	0.9845131
Q96SW2	0.99986875
Q96SY0	0.9374461
Q96SZ6	0.64447963
Q96T17	0.3497986
Q96T21	0.54008746
Q96T23	0.46451193
Q96T25	0.44039106
Q96T37	0.3931813
Q96T49	0.64180523
Q96T51	0.9984931
Q96T52	0.5034373
Q96T53	0.47327536
Q96T58	0.62475854
Q96T60	0.99967957
Q96T66	0.70758927
Q96T68	0.3156783
Q96T76	0.40444472
Q96T83	0.8905554
Q96T88	0.374227
Q96T92	0.13292146
Q96TA1	0.4299802
Q96TA2	0.7805004
Q96TC7	0.7478723
Q99081	0.99458826
Q99259	0.9961339
Q99418	0.9516518
Q99424	0.43136773
Q99426	0.21553238
Q99435	0.9626891
Q99436	0.5166754
Q99437	0.4546921
Q99439	0.5854957
Q99442	0.508885
Q99447	0.68209594
Q99453	0.43664077
Q99457	0.980871
Q99459	0.44218022
Q99460	0.58019644
Q99469	0.60907346
Q99470	0.98363554
Q99489	0.6717931
Q99490	0.99527776
Q99496	0.9974564
Q99497	0.35326654
Q99501	0.4451125
Q99502	0.8431804
Q99504	0.7644476
Q99519	0.61363393
Q99523	0.6044278
Q99538	0.8982135
Q99541	0.9207451
Q99542	0.9448167
Q99543	0.21514073
Q99547	0.41097572
Q99549	0.49917495
Q99550	0.35099298
Q99551	0.26351106
Q99558	0.99727577
Q99567	0.39178166
Q99569	0.6407951
Q99570	0.9574561
Q99571	0.30971497
Q99572	0.51212555
Q99574	0.80014366
Q99575	0.95490384
Q99576	0.751003
Q99581	0.99955326
Q99583	0.52000016
Q99584	0.55672556
Q99590	0.82213974
Q99593	0.7799714
Q99595	0.44005087
Q99598	0.22881126
Q99607	0.892005
Q99608	0.31289816
Q99611	0.6276475
Q99612	0.5651606
Q99613	0.2822505
Q99614	0.6262681
Q99615	0.42065066
Q99618	0.3788108
Q99622	0.96374863
Q99623	0.62104917
Q99624	0.20885867
Q99626	0.46456122
Q99627	0.28784937
Q99633	0.9422006
Q99638	0.68368554
Q99640	0.99469274
Q99650	0.99553776
Q99653	0.6248517
Q99661	0.49710134
Q99665	0.42698914
Q99675	0.9047781
Q99676	0.9548593
Q99677	0.8306575
Q99683	0.49002725
Q99685	0.39935672
Q99687	0.3255499
Q99689	0.41141352
Q99697	0.5390239
Q99698	0.44864175
Q99700	0.25025946
Q99704	0.20109624
Q99707	0.22768177
Q99708	0.38390902
Q99712	0.91536397
Q99715	0.4118016
Q99717	0.5891229
Q99719	0.44942313
Q99726	0.6700627
Q99728	0.980346
Q99729	0.5901607
Q99732	0.89657503
Q99733	0.50460166
Q99735	0.3930302
Q99741	0.5623611
Q99742	0.24021275
Q99743	0.32648894
Q99747	0.21511409
Q99750	0.6378084
Q99755	0.7652367
Q99757	0.9953832
Q99758	0.51704836
Q99759	0.5933839
Q99766	0.67315465
Q99784	0.98412895
Q99797	0.6760549
Q99798	0.6040052
Q99807	0.54496104
Q99811	0.52686006
Q99814	0.51298714
Q99816	0.9904785
Q99819	0.43021327
Q99828	0.58446
Q99829	0.5519994
Q99832	0.47185767
Q99836	0.9054939
Q99848	0.99998343
Q99853	0.47548315
Q99856	0.49403688
Q99865	0.60523134
Q99871	0.48419127
Q99873	0.7612826
Q99877	0.4268314
Q99879	0.4268314
Q99880	0.4268314
Q99909	0.9616916
Q99933	0.282624
Q99941	0.47530633
Q99942	0.5523105
Q99943	0.31989488
Q99944	0.73299503
Q99952	0.605436
Q99956	0.50564325
Q99958	0.43363076
Q99959	0.41494793
Q99961	0.42969576
Q99962	0.3132953
Q99966	0.40179142
Q99967	0.7135494
Q99969	0.41989115
Q99973	0.792637
Q99983	0.39293206
Q99985	0.40577528
Q99986	0.5748223
Q99988	0.7896458
Q99990	0.18196285
Q99996	0.98614895
Q99999	0.5921264
Q9BPU6	0.7534624
Q9BPW4	0.9109056
Q9BPW5	0.9829616
Q9BPX6	0.35526246
Q9BPX7	0.78821135
Q9BPY3	0.44154683
Q9BPZ2	0.60523134
Q9BPZ3	0.71936816
Q9BPZ7	0.55921257
Q9BQ04	0.521238
Q9BQ15	0.57536405
Q9BQ16	0.81222713
Q9BQ31	0.7017394
Q9BQ39	0.9999777
Q9BQ48	0.9438269
Q9BQ49	0.53257275
Q9BQ51	0.42870462
Q9BQ52	0.13579248
Q9BQ61	0.52130777
Q9BQ65	0.26557046
Q9BQ67	0.99974936
Q9BQ69	0.28380805
Q9BQ75	0.99997926
Q9BQ89	0.58908707
Q9BQ90	0.3985834
Q9BQ95	0.39715797
Q9BQA1	0.58556837
Q9BQA9	0.5054415
Q9BQB6	0.35176516
Q9BQC3	0.26885533
Q9BQC6	0.3387067
Q9BQD3	0.7839029
Q9BQD7	0.5829142
Q9BQE3	0.29216737
Q9BQE4	0.3205722
Q9BQE5	0.9171522
Q9BQE6	0.48939866
Q9BQE9	0.3377447
Q9BQF6	0.5520724
Q9BQG0	0.9058079
Q9BQI3	0.5147196
Q9BQI4	0.111027755
Q9BQI5	0.71735823
Q9BQI6	0.28291112
Q9BQI9	0.89896536
Q9BQJ4	0.7942852
Q9BQK8	0.27652434
Q9BQP7	0.4024926
Q9BQQ3	0.75611985
Q9BQQ7	0.35984132
Q9BQS2	0.9997174
Q9BQS8	0.773809
Q9BQY9	0.44266117
Q9BR09	0.936338
Q9BR10	0.870758
Q9BR11	0.2894941
Q9BR61	0.49732715
Q9BR76	0.4668116
Q9BR77	0.7158172
Q9BR84	0.8217404
Q9BRA0	0.53015095
Q9BRB3	0.99997425
Q9BRC7	0.37396106
Q9BRD0	0.31583238
Q9BRF8	0.24085431
Q9BRG1	0.4038117
Q9BRG2	0.78825444
Q9BRH9	0.26295537
Q9BRI3	0.64524335
Q9BRJ6	0.94157314
Q9BRJ7	0.34032235
Q9BRJ9	0.58148175
Q9BRK3	0.9049232
Q9BRK4	0.24039751
Q9BRK5	0.9894098
Q9BRL6	0.9927608
Q9BRL7	0.4244776
Q9BRN9	0.40502942
Q9BRP0	0.21468367
Q9BRP1	0.61252165
Q9BRP4	0.2775588
Q9BRP7	0.7948502
Q9BRP8	0.47293624
Q9BRQ0	0.33193067
Q9BRQ3	0.43894053
Q9BRQ4	0.4454175
Q9BRQ5	0.58965033
Q9BRQ6	0.6624974
Q9BRQ8	0.45136872
Q9BRR0	0.5296342
Q9BRR3	0.95903474
Q9BRR6	0.8351467
Q9BRR8	0.4806442
Q9BRS2	0.99735093
Q9BRS8	0.46313426
Q9BRT2	0.99566036
Q9BRT6	0.99990225
Q9BRT8	0.18138744
Q9BRT9	0.58806926
Q9BRU2	0.37294483
Q9BRU9	0.8931128
Q9BRV8	0.5688933
Q9BRX2	0.9955324
Q9BRX5	0.44954917
Q9BRX9	0.98879707
Q9BRY0	0.77082235
Q9BRZ2	0.46068263
Q9BS18	0.8946769
Q9BS34	0.41032127
Q9BS40	0.9999999
Q9BS91	0.29974875
Q9BSA9	0.9733908
Q9BSC4	0.99938
Q9BSD7	0.6313032
Q9BSE2	0.49456304
Q9BSE4	0.99399465
Q9BSF4	0.4232173
Q9BSF8	0.97683024
Q9BSG1	0.72094715
Q9BSG5	0.39141268
Q9BSH3	0.23046802
Q9BSH4	0.5626558
Q9BSH5	0.7546558
Q9BSI4	0.9859256
Q9BSJ1	0.83749366
Q9BSJ2	0.4793842
Q9BSJ5	0.6565037
Q9BSJ6	0.7061038
Q9BSJ8	0.2979957
Q9BSK1	0.99494934
Q9BSK4	0.83303285
Q9BSL1	0.92239064
Q9BSM1	0.44841698
Q9BSQ5	0.4621924
Q9BSR8	0.8055138
Q9BST9	0.48102254
Q9BSU1	0.82835317
Q9BSV6	0.30760816
Q9BSW7	0.3173416
Q9BSY4	0.4646127
Q9BSY9	0.56243396
Q9BT04	0.4348767
Q9BT17	0.36412767
Q9BT22	0.71679
Q9BT23	0.97618425
Q9BT49	0.99746406
Q9BT76	0.97314316
Q9BT78	0.79030293
Q9BT81	0.9985285
Q9BT92	0.20844738
Q9BTA0	0.29924116
Q9BTA9	0.25352535
Q9BTC0	0.5412667
Q9BTC8	0.99999666
Q9BTD3	0.45420945
Q9BTD8	0.7365366
Q9BTE0	0.43750796
Q9BTE1	0.28514656
Q9BTE3	0.48283783
Q9BTE7	0.5416222
Q9BTF0	0.250556
Q9BTL3	0.46991944
Q9BTL4	0.56134796
Q9BTM9	0.96536213
Q9BTP6	0.7302216
Q9BTP7	0.64881206
Q9BTT0	0.5431792
Q9BTT4	0.5305274
Q9BTT6	0.41103497
Q9BTV6	0.9814005
Q9BTV7	0.7922221
Q9BTX1	0.7428785
Q9BTX7	0.696405
Q9BTY7	0.99424464
Q9BTZ2	0.6396775
Q9BU02	0.9849219
Q9BU19	0.54931384
Q9BU20	0.48015872
Q9BU23	0.5324178
Q9BU68	0.449157
Q9BU70	0.53962684
Q9BU76	0.8145452
Q9BU89	0.23735893
Q9BUA3	0.9998111
Q9BUA6	0.29184437
Q9BUB4	0.7503834
Q9BUB7	0.73520756
Q9BUD6	0.52752185
Q9BUE0	0.43613485
Q9BUF7	0.8820109
Q9BUG6	0.88272935
Q9BUH6	0.30665824
Q9BUH8	0.9491539
Q9BUI4	0.3063244
Q9BUJ0	0.8839181
Q9BUJ2	0.3613112
Q9BUK0	0.5132571
Q9BUK6	0.47035468
Q9BUL5	0.46831542
Q9BUL9	0.4714372
Q9BUM1	0.13777238
Q9BUN8	0.34176698
Q9BUP0	0.9969394
Q9BUP3	0.5770074
Q9BUQ8	0.99688184
Q9BUR4	0.8632904
Q9BUR5	0.59927213
Q9BUT1	0.3447984
Q9BUU2	0.9108619
Q9BUV0	0.57178473
Q9BUV8	0.37729082
Q9BUW7	0.30566403
Q9BUY5	0.36419353
Q9BUY7	0.314933
Q9BV10	0.14708704
Q9BV20	0.4235877
Q9BV23	0.93889844
Q9BV29	0.9206733
Q9BV35	0.41632462
Q9BV38	0.45831078
Q9BV44	0.40544942
Q9BV47	0.4136003
Q9BV57	0.47778767
Q9BV68	0.40814114
Q9BV73	0.94692075
Q9BV79	0.5281124
Q9BV81	0.45854136
Q9BV86	0.39367285
Q9BV90	0.26056394
Q9BV97	0.47345802
Q9BV99	0.3876144
Q9BVA0	0.46869546
Q9BVA6	0.562539
Q9BVC3	0.28219956
Q9BVC4	0.33893985
Q9BVC5	0.70202386
Q9BVC6	0.6636669
Q9BVG3	0.4428997
Q9BVG4	0.766372
Q9BVH7	0.8590041
Q9BVI0	0.5066122
Q9BVI4	0.9949575
Q9BVJ6	0.98891824
Q9BVJ7	0.5262172
Q9BVK2	0.37276453
Q9BVK8	0.92195517
Q9BVL2	0.47828925
Q9BVM2	0.9416737
Q9BVN2	0.5061601
Q9BVP2	0.9997819
Q9BVQ7	0.32264724
Q9BVS4	0.851177
Q9BVS5	0.71293837
Q9BVT8	0.3213448
Q9BVV2	0.616523
Q9BVV6	0.75756305
Q9BVV7	0.22228254
Q9BVV8	0.9609807
Q9BVW5	0.9958611
Q9BW04	0.65600455
Q9BW11	0.47428593
Q9BW19	0.39852142
Q9BW27	0.33918697
Q9BW30	0.9984282
Q9BW60	0.29754597
Q9BW61	0.9997137
Q9BW62	0.27836862
Q9BW71	0.9262157
Q9BW72	0.5389453
Q9BW83	0.53983366
Q9BW85	0.25446996
Q9BW92	0.33123928
Q9BWC9	0.6762254
Q9BWD1	0.42317533
Q9BWE0	0.32894546
Q9BWF2	0.55877787
Q9BWF3	0.521238
Q9BWG6	0.17324063
Q9BWH6	0.4542332
Q9BWJ5	0.48529255
Q9BWK5	0.8751263
Q9BWM5	0.667245
Q9BWM7	0.53152776
Q9BWN1	0.47035882
Q9BWQ6	0.8515104
Q9BWQ8	0.36765
Q9BWS9	0.54102063
Q9BWT1	0.57785594
Q9BWT3	0.81957626
Q9BWT7	0.78578836
Q9BWU0	0.53147715
Q9BWU1	0.9999471
Q9BWV1	0.98394644
Q9BWV2	0.9685915
Q9BWV3	0.4244947
Q9BWV7	0.69393796
Q9BWW7	0.71310157
Q9BWW8	0.9005749
Q9BWX1	0.97746277
Q9BWX5	0.199847
Q9BX10	0.7479219
Q9BX26	0.48584104
Q9BX40	0.99999845
Q9BX46	0.35657668
Q9BX63	0.33433583
Q9BX66	0.57696
Q9BX67	0.8999014
Q9BX68	0.44454592
Q9BX69	0.42403495
Q9BX73	0.485393
Q9BX74	0.7714668
Q9BX79	0.30676088
Q9BX82	0.65170205
Q9BX93	0.4499628
Q9BX95	0.5363686
Q9BXB1	0.5575222
Q9BXB4	0.8631467
Q9BXB5	0.9615268
Q9BXC1	0.9911007
Q9BXD5	0.99856406
Q9BXF3	0.83706963
Q9BXF6	0.74182916
Q9BXI6	0.45112684
Q9BXI9	0.75246114
Q9BXJ2	0.46654084
Q9BXJ4	0.5062466
Q9BXJ5	0.6085052
Q9BXJ9	0.96425694
Q9BXK1	0.38241422
Q9BXK5	0.77575487
Q9BXL8	0.56254166
Q9BXM0	0.95099974
Q9BXM9	0.52421856
Q9BXN1	0.29312146
Q9BXN2	0.54936737
Q9BXN6	0.3133047
Q9BXP5	0.82065344
Q9BXP8	0.3114698
Q9BXQ6	0.9910013
Q9BXR0	0.4973925
Q9BXS0	0.68702936
Q9BXS6	0.99933773
Q9BXS9	0.6915718
Q9BXT2	0.6176951
Q9BXT5	0.7407306
Q9BXU9	0.7803546
Q9BXV9	0.9141562
Q9BXW4	0.7863644
Q9BXW6	0.37148735
Q9BXW7	0.72697
Q9BXW9	0.787603
Q9BXX2	0.5574162
Q9BXY0	0.956439
Q9BXY5	0.9993773
Q9BY08	0.5301083
Q9BY11	0.9600062
Q9BY12	0.48481867
Q9BY21	0.9999969
Q9BY31	0.93033165
Q9BY32	0.581157
Q9BY41	0.44049966
Q9BY42	0.9928067
Q9BY44	0.4864757
Q9BY49	0.9997656
Q9BY50	0.8121244
Q9BY66	0.96795905
Q9BY67	0.4236717
Q9BY76	0.997498
Q9BY77	0.99215275
Q9BY78	0.42917278
Q9BY84	0.53209996
Q9BY89	0.13474478
Q9BYB4	0.5936939
Q9BYC5	0.94883794
Q9BYC9	0.3327202
Q9BYD2	0.5671567
Q9BYD3	0.9998159
Q9BYD5	0.30067086
Q9BYD6	0.5282744
Q9BYD9	0.90986663
Q9BYE0	0.9203139
Q9BYG0	0.44766968
Q9BYG3	0.9997658
Q9BYG4	0.40184718
Q9BYG5	0.53050494
Q9BYG8	0.54734814
Q9BYH1	0.2865337
Q9BYH8	0.9133989
Q9BYI3	0.9305903
Q9BYJ1	0.43962124
Q9BYJ4	0.9063067
Q9BYL1	0.4883193
Q9BYN7	0.91496414
Q9BYN8	0.41247314
Q9BYT1	0.3283176
Q9BYT3	0.5048577
Q9BYT8	0.46800312
Q9BYU1	0.9941468
Q9BYV6	0.7527035
Q9BYV9	0.6892551
Q9BYW1	0.41701037
Q9BYW2	0.83283573
Q9BYX2	0.28709587
Q9BYZ6	0.5131882
Q9BZ11	0.4095093
Q9BZ23	0.8345253
Q9BZ67	0.90444833
Q9BZ71	0.34229788
Q9BZ72	0.9922576
Q9BZ95	0.47760367
Q9BZB8	0.37193042
Q9BZD2	0.5542078
Q9BZD4	0.31662872
Q9BZD6	0.9200124
Q9BZE0	0.23054972
Q9BZE1	0.47348073
Q9BZE2	0.40883172
Q9BZE4	0.999966
Q9BZE7	0.45756587
Q9BZE9	0.9675749
Q9BZF1	0.99926776
Q9BZF2	0.32800594
Q9BZF3	0.35901114
Q9BZF9	0.34840995
Q9BZG8	0.39987624
Q9BZH6	0.6065806
Q9BZI1	0.36023852
Q9BZI7	0.48551995
Q9BZJ3	0.97450024
Q9BZJ6	0.23765968
Q9BZK7	0.43902662
Q9BZL3	0.52296066
Q9BZL6	0.42540598
Q9BZM4	0.8692466
Q9BZM5	0.9921407
Q9BZM6	0.41814968
Q9BZQ6	0.3132898
Q9BZQ8	0.6173455
Q9BZR6	0.44494057
Q9BZR8	0.39633372
Q9BZR9	0.99919015
Q9BZS1	0.5243238
Q9BZV1	0.39597088
Q9BZV2	0.49632517
Q9BZW7	0.21723388
Q9BZX2	0.540646
Q9BZZ5	0.2898151
Q9C000	0.6750444
Q9C004	0.7756925
Q9C005	0.82096547
Q9C009	0.42078745
Q9C026	0.22964473
Q9C029	0.99833834
Q9C035	0.27078745
Q9C037	0.46502453
Q9C040	0.6697897
Q9C073	0.25252953
Q9C075	0.54461414
Q9C086	0.42777056
Q9C091	0.24952193
Q9C0A1	0.8899936
Q9C0A6	0.5953692
Q9C0B0	0.99762577
Q9C0B1	0.97584116
Q9C0B5	0.34071532
Q9C0B6	0.8245074
Q9C0B7	0.44862455
Q9C0B9	0.48306113
Q9C0C6	0.39711463
Q9C0C7	0.90106213
Q9C0C9	0.983328
Q9C0D0	0.43320045
Q9C0D2	0.38802007
Q9C0D3	0.7429714
Q9C0D4	0.83464193
Q9C0D7	0.9932359
Q9C0E2	0.5942276
Q9C0E4	0.59479755
Q9C0E8	0.3744625
Q9C0F3	0.534905
Q9C0G0	0.2904874
Q9C0H5	0.29269284
Q9C0H6	0.40084785
Q9C0I4	0.28674975
Q9C0I9	0.8212284
Q9C0J1	0.7912607
Q9C0J8	0.79741967
Q9C0J9	0.4353532
Q9C0K0	0.44978368
Q9C0K7	0.54327583
Q9GZL7	0.32472655
Q9GZM3	0.2887085
Q9GZM5	0.9421105
Q9GZN1	0.400177
Q9GZN2	0.43168518
Q9GZN4	0.3642729
Q9GZN6	0.52635884
Q9GZN8	0.6078307
Q9GZP0	0.9989459
Q9GZP1	0.9961056
Q9GZP7	0.9947326
Q9GZP8	0.38064903
Q9GZP9	0.1899032
Q9GZQ3	0.3618904
Q9GZR1	0.39438483
Q9GZR2	0.9999963
Q9GZR7	0.6212971
Q9GZS1	0.9999993
Q9GZS3	0.36707705
Q9GZT3	0.76058596
Q9GZT4	0.57112396
Q9GZT6	0.65136653
Q9GZT8	0.9698673
Q9GZT9	0.70687973
Q9GZU0	0.16477604
Q9GZU1	0.22556332
Q9GZU2	0.5105357
Q9GZU3	0.98470056
Q9GZU7	0.524129
Q9GZU8	0.95594233
Q9GZV1	0.99952364
Q9GZV3	0.5555985
Q9GZV4	0.9825299
Q9GZV5	0.988036
Q9GZV8	0.45074907
Q9GZX5	0.75286114
Q9GZX9	0.65973216
Q9GZY4	0.48333046
Q9GZY8	0.36441496
Q9GZZ0	0.44885173
Q9GZZ9	0.87493587
Q9H000	0.9774105
Q9H008	0.9999902
Q9H009	0.27897334
Q9H013	0.9988331
Q9H015	0.20200662
Q9H019	0.590487
Q9H040	0.46760097
Q9H061	0.68567014
Q9H063	0.928736
Q9H074	0.43310633
Q9H079	0.23682082
Q9H089	0.3942562
Q9H091	0.9622707
Q9H093	0.7231147
Q9H095	0.82418853
Q9H098	0.38785857
Q9H0A0	0.9999261
Q9H0A8	0.4088797
Q9H0A9	0.53117436
Q9H0B6	0.7605544
Q9H0B8	0.63152504
Q9H0C2	0.8678379
Q9H0C3	0.44871268
Q9H0C8	0.55472016
Q9H0D2	0.40169853
Q9H0D6	0.9899734
Q9H0E2	0.41128096
Q9H0E3	0.57888687
Q9H0E7	0.51000184
Q9H0E9	0.4627396
Q9H0F5	0.55963695
Q9H0F6	0.20742002
Q9H0F7	0.69763047
Q9H0G5	0.42523637
Q9H0H3	0.46571574
Q9H0H5	0.97237647
Q9H0I2	0.42614323
Q9H0I3	0.8627151
Q9H0J4	0.75821954
Q9H0J9	0.32864404
Q9H0K1	0.40202937
Q9H0K6	0.9817231
Q9H0L4	0.8473407
Q9H0M0	0.5217209
Q9H0M4	0.9223192
Q9H0M5	0.23404777
Q9H0N0	0.85780865
Q9H0N5	0.46562713
Q9H0Q0	0.13726643
Q9H0Q3	0.36009452
Q9H0R3	0.66048175
Q9H0R4	0.999877
Q9H0R6	0.9999963
Q9H0R8	0.9917931
Q9H0S4	0.99997795
Q9H0U4	0.5056544
Q9H0U9	0.92876875
Q9H0W5	0.3313905
Q9H0W7	0.93888134
Q9H0W8	0.4537693
Q9H0W9	0.80989325
Q9H0X4	0.39013335
Q9H0X6	0.82415193
Q9H0X9	0.95024705
Q9H0Y0	0.5020538
Q9H0Z9	0.5020643
Q9H115	0.14936036
Q9H116	0.3756936
Q9H147	0.9830313
Q9H158	0.99995863
Q9H160	0.44812572
Q9H161	0.40857863
Q9H165	0.97823
Q9H169	0.57840115
Q9H175	0.6352924
Q9H190	0.99995196
Q9H1A3	0.49965382
Q9H1A4	0.62971574
Q9H1A7	0.2887085
Q9H1B5	0.99746263
Q9H1B7	0.750274
Q9H1C3	0.49815136
Q9H1C4	0.4568781
Q9H1D9	0.54546624
Q9H1E3	0.499063
Q9H1E5	0.47085157
Q9H1H1	0.6077492
Q9H1I8	0.9510557
Q9H1J1	0.42796928
Q9H1J5	0.42825106
Q9H1J7	0.9436811
Q9H1K0	0.97100216
Q9H1K1	0.36676908
Q9H1K6	0.44559735
Q9H1P3	0.44466954
Q9H1Q7	0.5945871
Q9H1R2	0.415583
Q9H1R3	0.16790044
Q9H1U4	0.9520717
Q9H1U9	0.14626338
Q9H1V8	0.98699725
Q9H1X3	0.7465834
Q9H1Y0	0.24820444
Q9H1Y3	0.24157436
Q9H1Z4	0.50331956
Q9H201	0.9998275
Q9H204	0.46139967
Q9H211	0.6039112
Q9H213	0.5604114
Q9H221	0.2663603
Q9H222	0.2373344
Q9H223	0.5513181
Q9H237	0.4931201
Q9H246	0.45319834
Q9H254	0.45423326
Q9H270	0.46537966
Q9H299	0.99946076
Q9H2A2	0.9362223
Q9H2A7	0.6546269
Q9H2B2	0.34195307
Q9H2B4	0.13650747
Q9H2C0	0.2484685
Q9H2C2	0.88632256
Q9H2D1	0.34762916
Q9H2E6	0.94107395
Q9H2F3	0.5348854
Q9H2F9	0.6894101
Q9H2G2	0.88921463
Q9H2G9	0.34296203
Q9H2H0	0.56740934
Q9H2H8	0.5308699
Q9H2I8	0.60427654
Q9H2J4	0.3717962
Q9H2J7	0.9962053
Q9H2K0	0.5627896
Q9H2K2	0.23914512
Q9H2K8	0.6576872
Q9H2L5	0.40321556
Q9H2M9	0.49988607
Q9H2P0	0.63855106
Q9H2P9	0.6674802
Q9H2S1	0.47601908
Q9H2S5	0.7680056
Q9H2S9	0.94513977
Q9H2T7	0.9472864
Q9H2U1	0.4108231
Q9H2U2	0.50039536
Q9H2V7	0.9938955
Q9H2W2	0.4980934
Q9H2X6	0.30463707
Q9H2X8	0.33935124
Q9H2Y7	0.6645554
Q9H2Z4	0.59612775
Q9H300	0.4222853
Q9H305	0.80938214
Q9H307	0.9596946
Q9H310	0.3599913
Q9H324	0.52026665
Q9H329	0.33867
Q9H330	0.39811245
Q9H334	0.41189834
Q9H361	0.98062474
Q9H3C7	0.3456883
Q9H3D4	0.81376094
Q9H3E2	0.3019389
Q9H3F6	0.38353357
Q9H3G5	0.5250915
Q9H3H1	0.39153376
Q9H3H3	0.9969318
Q9H3H9	0.41689903
Q9H3J6	0.5271401
Q9H3K2	0.84962296
Q9H3M0	0.9425044
Q9H3M7	0.4458106
Q9H3N1	0.64557683
Q9H3P2	0.9381946
Q9H3P7	0.99980074
Q9H3Q1	0.45693597
Q9H3R0	0.23343967
Q9H3R5	0.99919397
Q9H3S1	0.41223526
Q9H3S3	0.38154697
Q9H3S4	0.89293015
Q9H3S7	0.99693596
Q9H3T2	0.80173075
Q9H3U1	0.5272502
Q9H3U5	0.5602912
Q9H3W5	0.32458073
Q9H3Y6	0.21687238
Q9H3Y8	0.38317335
Q9H3Z4	0.96468925
Q9H3Z7	0.73356974
Q9H410	0.62039447
Q9H422	0.9114579
Q9H425	0.38080814
Q9H426	0.33054164
Q9H461	0.3676473
Q9H467	0.33818138
Q9H477	0.51516527
Q9H479	0.80773956
Q9H488	0.6177896
Q9H490	0.4223043
Q9H4A4	0.8224835
Q9H4A5	0.46868184
Q9H4A6	0.8485092
Q9H4B0	0.3664284
Q9H4B6	0.7579651
Q9H4D0	0.42242685
Q9H4D5	0.28665832
Q9H4E5	0.6802944
Q9H4E7	0.67197794
Q9H4F1	0.57131076
Q9H4F8	0.47488812
Q9H4G0	0.3914408
Q9H4G4	0.5348598
Q9H4I2	0.52646583
Q9H4I3	0.9628784
Q9H4I9	0.3520452
Q9H4L4	0.5754058
Q9H4L5	0.40408733
Q9H4L7	0.63671076
Q9H4M3	0.443031
Q9H4M7	0.38539168
Q9H4M9	0.5513181
Q9H4P4	0.81660974
Q9H4Q4	0.4979708
Q9H4T2	0.3693452
Q9H4W6	0.67584014
Q9H4X1	0.6245339
Q9H4Y5	0.28936738
Q9H4Z2	0.4589905
Q9H4Z3	0.49753883
Q9H501	0.4341815
Q9H553	0.12903193
Q9H568	0.3754757
Q9H579	0.21104115
Q9H582	0.99747366
Q9H583	0.97750217
Q9H5F2	0.55294764
Q9H5H4	0.8357058
Q9H5I1	0.51337725
Q9H5I5	0.4579433
Q9H5J0	0.4725289
Q9H5J8	0.42633697
Q9H5K3	0.48183563
Q9H5L6	0.48813614
Q9H5N1	0.47427145
Q9H5Q4	0.5434028
Q9H5U6	0.86868674
Q9H5V7	0.6101284
Q9H5V9	0.88284504
Q9H5X1	0.6072676
Q9H5Z1	0.9376516
Q9H5Z6	0.25628185
Q9H607	0.6221126
Q9H609	0.5268185
Q9H611	0.84481174
Q9H628	0.53568757
Q9H649	0.6865315
Q9H665	0.37637565
Q9H668	0.9908213
Q9H672	0.8165793
Q9H693	0.28863236
Q9H694	0.48145765
Q9H6A0	0.28538832
Q9H6A9	0.25306916
Q9H6D3	0.5474521
Q9H6D7	0.7179677
Q9H6D8	0.34886825
Q9H6E5	0.44490173
Q9H6F2	0.40752137
Q9H6F5	0.99999714
Q9H6H4	0.18703836
Q9H6I2	0.20272096
Q9H6J7	0.9964122
Q9H6K1	0.7571661
Q9H6K4	0.56386954
Q9H6K5	0.94223756
Q9H6L2	0.9976363
Q9H6L4	0.9136871
Q9H6L5	0.22710194
Q9H6P5	0.41091436
Q9H6Q3	0.38757092
Q9H6Q4	0.23101695
Q9H6R0	0.9611901
Q9H6R3	0.934617
Q9H6R4	0.60830724
Q9H6R7	0.9979826
Q9H6S0	0.78073835
Q9H6S3	0.36282763
Q9H6T0	0.693221
Q9H6T3	0.30165085
Q9H6U6	0.6257118
Q9H6U8	0.48376116
Q9H6V9	0.6654535
Q9H6W3	0.92877555
Q9H6X2	0.98322713
Q9H6X4	0.49189153
Q9H6X5	0.83354944
Q9H6Y2	0.6506284
Q9H6Y7	0.40069932
Q9H6Z4	0.49041882
Q9H6Z9	0.37193584
Q9H706	0.120737575
Q9H707	0.45964795
Q9H714	0.48499212
Q9H773	0.40699384
Q9H777	0.38732958
Q9H788	0.5600484
Q9H790	0.3094068
Q9H799	0.29019266
Q9H7B2	0.9999974
Q9H7B4	0.42000178
Q9H7C4	0.5802629
Q9H7C9	0.61025
Q9H7D0	0.6929263
Q9H7D7	0.48191625
Q9H7E2	0.8643447
Q9H7E9	0.92020005
Q9H7F0	0.99956506
Q9H7F4	0.1136389
Q9H7H0	0.48898214
Q9H7J1	0.3389569
Q9H7L9	0.9998976
Q9H7M9	0.44373947
Q9H7N4	0.4851128
Q9H7P6	0.92613494
Q9H7P9	0.36254594
Q9H7R0	0.49503812
Q9H7R5	0.8179724
Q9H7T0	0.92530185
Q9H7T9	0.5614698
Q9H7U1	0.35547775
Q9H7V2	0.9097452
Q9H7X0	0.5318852
Q9H7X3	0.49589938
Q9H7X7	0.4079302
Q9H7Z3	0.40003458
Q9H7Z6	0.18949224
Q9H7Z7	0.6551681
Q9H814	0.5257778
Q9H816	0.9839325
Q9H819	0.5540588
Q9H825	0.3671031
Q9H832	0.37581873
Q9H840	0.51218504
Q9H845	0.6622026
Q9H867	0.48396304
Q9H869	0.9673958
Q9H871	0.19358002
Q9H875	0.45245013
Q9H892	0.38472265
Q9H898	0.3100138
Q9H8E8	0.9978933
Q9H8G2	0.49128887
Q9H8H0	0.4832246
Q9H8H2	0.9998758
Q9H8H3	0.71068007
Q9H8J5	0.99184716
Q9H8L6	0.99991083
Q9H8M1	0.36533535
Q9H8M2	0.27115604
Q9H8M5	0.8454561
Q9H8M7	0.6521938
Q9H8M9	0.99999595
Q9H8N7	0.51703376
Q9H8P0	0.6269997
Q9H8S9	0.9983798
Q9H8U3	0.57795465
Q9H8V3	0.6344961
Q9H8W3	0.5252317
Q9H8W5	0.37848288
Q9H8X2	0.38855395
Q9H8X9	0.48715985
Q9H8Y1	0.54229474
Q9H8Y5	0.4976641
Q9H8Y8	0.9906895
Q9H910	0.506888
Q9H920	0.9740926
Q9H930	0.51744765
Q9H936	0.90476733
Q9H939	0.350475
Q9H944	0.5648177
Q9H967	0.9999267
Q9H972	0.82365984
Q9H974	0.83618736
Q9H977	0.97656345
Q9H981	0.46612266
Q9H987	0.9991985
Q9H992	0.47650406
Q9H993	0.88516206
Q9H999	0.61419636
Q9H9A5	0.55265355
Q9H9A6	0.9691051
Q9H9A7	0.9998816
Q9H9B1	0.95347553
Q9H9B4	0.9995395
Q9H9D4	0.5698032
Q9H9E1	0.39889073
Q9H9E3	0.9331143
Q9H9G7	0.747019
Q9H9H5	0.4203473
Q9H9J2	0.31720808
Q9H9J4	0.4281165
Q9H9K5	0.5827544
Q9H9L3	0.6739103
Q9H9L4	0.98394334
Q9H9L7	0.76062226
Q9H9P5	0.5294439
Q9H9P8	0.92326635
Q9H9Q2	0.33008435
Q9H9Q4	0.99266595
Q9H9R9	0.94421965
Q9H9S4	0.96726906
Q9H9S5	0.6891683
Q9H9V9	0.53083926
Q9H9Y2	0.99842274
Q9H9Y6	0.55068
Q9H9Z2	0.71230525
Q9HA38	0.5599766
Q9HA47	0.47983924
Q9HA64	0.5017192
Q9HA72	0.5218948
Q9HA77	0.49396184
Q9HA82	0.6819462
Q9HA92	0.44795978
Q9HAB8	0.9999969
Q9HAC8	0.85927606
Q9HAD4	0.42940632
Q9HAE3	0.35269976
Q9HAH1	0.7477226
Q9HAH7	0.32563663
Q9HAI6	0.48714676
Q9HAJ7	0.40410006
Q9HAQ2	0.385421
Q9HAS0	0.5715266
Q9HAT8	0.61249584
Q9HAU0	0.5962423
Q9HAU4	0.9634881
Q9HAU5	0.4655013
Q9HAU8	0.55797935
Q9HAV0	0.5536436
Q9HAV4	0.47302675
Q9HAV5	0.92872363
Q9HAV7	0.69105536
Q9HAW0	0.99984574
Q9HAW4	0.6880809
Q9HAY2	0.19704449
Q9HAY6	0.8470853
Q9HAZ1	0.32601
Q9HAZ2	0.6900713
Q9HB03	0.5084741
Q9HB07	0.86301476
Q9HB09	0.91006696
Q9HB14	0.5316251
Q9HB19	0.8366008
Q9HB20	0.9781466
Q9HB21	0.48550725
Q9HB40	0.7485754
Q9HB55	0.32359788
Q9HB58	0.47019807
Q9HB71	0.5420755
Q9HB75	0.49405912
Q9HB90	0.9437397
Q9HB96	0.48498708
Q9HBD1	0.72553545
Q9HBE1	0.51338047
Q9HBE5	0.17558956
Q9HBF4	0.6380396
Q9HBG4	0.6380554
Q9HBG6	0.2766864
Q9HBH0	0.47697484
Q9HBH1	0.38754132
Q9HBH5	0.2657833
Q9HBI1	0.37556824
Q9HBI5	0.29948074
Q9HBJ8	0.9999964
Q9HBK9	0.53020453
Q9HBL0	0.49816805
Q9HBL7	0.5297487
Q9HBL8	0.41975102
Q9HBM0	0.22570203
Q9HBM1	0.41851878
Q9HBR0	0.9553259
Q9HBT7	0.88223827
Q9HBT8	0.7304387
Q9HBU1	0.5467467
Q9HBU6	0.39611614
Q9HBV1	0.48222092
Q9HBW1	0.9000472
Q9HBX8	0.435922
Q9HBY0	0.43585745
Q9HBY8	0.18465872
Q9HBZ2	0.20238411
Q9HC07	0.9896706
Q9HC16	0.3369824
Q9HC24	0.5606035
Q9HC29	0.51726735
Q9HC35	0.3576469
Q9HC36	0.4082143
Q9HC38	0.5050953
Q9HC44	0.42624944
Q9HC52	0.7437461
Q9HC56	0.30632272
Q9HC62	0.92883164
Q9HC77	0.75552136
Q9HC78	0.81435406
Q9HC84	0.9383503
Q9HC96	0.42980212
Q9HC98	0.45227486
Q9HCB6	0.98196745
Q9HCC0	0.7205958
Q9HCC6	0.76684713
Q9HCC9	0.37036258
Q9HCD5	0.4476377
Q9HCD6	0.53177565
Q9HCE0	0.52322257
Q9HCE1	0.20523927
Q9HCE3	0.7223035
Q9HCE5	0.6164718
Q9HCE6	0.94037324
Q9HCE9	0.83740866
Q9HCG1	0.9976973
Q9HCG7	0.34110877
Q9HCG8	0.4640269
Q9HCH0	0.43050373
Q9HCH3	0.33896205
Q9HCH5	0.6137205
Q9HCI5	0.8980859
Q9HCI6	0.49807507
Q9HCI7	0.15004551
Q9HCJ0	0.55803955
Q9HCJ1	0.36000738
Q9HCJ2	0.21869805
Q9HCJ3	0.38928396
Q9HCJ5	0.5936545
Q9HCJ6	0.3107031
Q9HCK1	0.3912311
Q9HCK4	0.5602946
Q9HCK5	0.6265787
Q9HCK8	0.5415665
Q9HCL0	0.40212741
Q9HCL2	0.3840943
Q9HCL3	0.77829635
Q9HCM1	0.9990575
Q9HCM2	0.3058563
Q9HCM3	0.79301953
Q9HCM4	0.4966518
Q9HCM7	0.9686281
Q9HCM9	0.76867616
Q9HCN3	0.8551105
Q9HCN4	0.9808257
Q9HCN6	0.5293251
Q9HCP0	0.34696996
Q9HCQ5	0.99778086
Q9HCS4	0.2526573
Q9HCS5	0.4283719
Q9HCU0	0.53847706
Q9HCU4	0.35923275
Q9HCU5	0.5366317
Q9HCU8	0.82371396
Q9HCU9	0.46445948
Q9HCX3	0.6457094
Q9HCX4	0.7589053
Q9HCY8	0.9850643
Q9HCZ1	0.5065542
Q9HD15	0.4667882
Q9HD20	0.9253293
Q9HD26	0.9999343
Q9HD34	0.9813658
Q9HD40	0.8198517
Q9HD43	0.62054706
Q9HD45	0.9246067
Q9HD47	0.28948027
Q9HD67	0.9999975
Q9HDC5	0.98496544
Q9HDC9	0.3234743
Q9HDD0	0.6349469
Q9NNW5	0.45818397
Q9NNX1	0.55830234
Q9NP50	0.34756684
Q9NP56	0.35976923
Q9NP58	0.52724725
Q9NP59	0.1903876
Q9NP61	0.62204874
Q9NP62	0.7734469
Q9NP64	0.9886486
Q9NP66	0.37368846
Q9NP71	0.47571555
Q9NP74	0.71495944
Q9NP77	0.49575704
Q9NP78	0.99487597
Q9NP79	0.97019345
Q9NP80	0.37977788
Q9NP84	0.39620903
Q9NP87	0.5248747
Q9NPA0	0.25376248
Q9NPA1	0.9640736
Q9NPA8	0.4663934
Q9NPB0	0.9889206
Q9NPB6	0.39723098
Q9NPB8	0.505147
Q9NPB9	0.98929965
Q9NPC1	0.16035365
Q9NPC4	0.6150795
Q9NPC6	0.1934792
Q9NPC7	0.5937119
Q9NPC8	0.3055094
Q9NPD3	0.35034683
Q9NPD5	0.73889655
Q9NPD8	0.9999949
Q9NPE3	0.99957174
Q9NPF0	0.42028993
Q9NPF2	0.39201307
Q9NPF4	0.8985104
Q9NPF5	0.37203583
Q9NPF7	0.39090478
Q9NPG3	0.6379751
Q9NPG8	0.99658716
Q9NPH2	0.38933593
Q9NPH3	0.3946844
Q9NPH5	0.551828
Q9NPI0	0.15095772
Q9NPI1	0.4995967
Q9NPI5	0.41449502
Q9NPI6	0.99816424
Q9NPI7	0.44641703
Q9NPI9	0.9621241
Q9NPJ1	0.8534634
Q9NPJ3	0.9364314
Q9NPJ4	0.5558251
Q9NPJ6	0.96834487
Q9NPJ8	0.48573154
Q9NPL8	0.99293137
Q9NPQ8	0.18443222
Q9NPR9	0.99888295
Q9NPY3	0.9981596
Q9NQ03	0.29018626
Q9NQ25	0.94030315
Q9NQ29	0.99679166
Q9NQ31	0.31828523
Q9NQ35	0.1906039
Q9NQ38	0.6082162
Q9NQ48	0.3174603
Q9NQ50	0.79171073
Q9NQ66	0.2608329
Q9NQ69	0.6479354
Q9NQ84	0.5562847
Q9NQ86	0.5740563
Q9NQ87	0.8121709
Q9NQ88	0.55940807
Q9NQ89	0.9999982
Q9NQ90	0.35184965
Q9NQ92	0.34941846
Q9NQ94	0.3068096
Q9NQB0	0.57180154
Q9NQC1	0.41874132
Q9NQC3	0.44944322
Q9NQC7	0.83678466
Q9NQC8	0.43065438
Q9NQE9	0.60422647
Q9NQG1	0.8281063
Q9NQG5	0.43503675
Q9NQG7	0.584429
Q9NQL2	0.77853745
Q9NQQ7	0.5479418
Q9NQR1	0.56230205
Q9NQR4	0.4287213
Q9NQS1	0.61272097
Q9NQS3	0.83005756
Q9NQS7	0.9911442
Q9NQT4	0.9999995
Q9NQT5	0.5459127
Q9NQU5	0.81014645
Q9NQV6	0.96773624
Q9NQV8	0.9880173
Q9NQW1	0.83501756
Q9NQW5	0.9789933
Q9NQW6	0.73847395
Q9NQW7	0.41848236
Q9NQX0	0.6423785
Q9NQX1	0.999913
Q9NQX3	0.9963804
Q9NQX4	0.5477028
Q9NQX5	0.9026605
Q9NQX6	0.29615748
Q9NQZ2	0.99999714
Q9NQZ5	0.79951334
Q9NQZ6	0.9999026
Q9NQZ7	0.3958335
Q9NQZ8	0.75368947
Q9NR00	0.23239166
Q9NR09	0.9183692
Q9NR11	0.35001636
Q9NR12	0.5024922
Q9NR16	0.68191504
Q9NR19	0.8788428
Q9NR20	0.7756799
Q9NR28	0.99009854
Q9NR30	0.9996283
Q9NR31	0.46028128
Q9NR33	0.41268992
Q9NR34	0.9289863
Q9NR45	0.505643
Q9NR46	0.42228758
Q9NR48	0.9310266
Q9NR50	0.69914865
Q9NR56	0.2714959
Q9NR63	0.70875406
Q9NR71	0.5854422
Q9NR81	0.48931038
Q9NR82	0.9998436
Q9NR83	0.7066545
Q9NR99	0.4417605
Q9NRA0	0.64439136
Q9NRA1	0.67715967
Q9NRA2	0.3972967
Q9NRA8	1.0
Q9NRB3	0.4158287
Q9NRC1	0.4115456
Q9NRC8	0.99764234
Q9NRD0	0.45593393
Q9NRD5	0.8464407
Q9NRE2	0.6115098
Q9NRF2	0.51055
Q9NRF8	0.46123174
Q9NRF9	0.48782867
Q9NRG0	0.28077522
Q9NRG1	0.514736
Q9NRG4	0.7024415
Q9NRG7	0.45083162
Q9NRG9	0.5388238
Q9NRH1	0.38975114
Q9NRH2	0.9996395
Q9NRH3	0.7525569
Q9NRI5	0.26953658
Q9NRJ7	0.48524743
Q9NRL2	0.5910531
Q9NRL3	0.3260491
Q9NRM2	0.18436553
Q9NRM7	0.24266656
Q9NRN5	0.6903358
Q9NRN9	0.98089933
Q9NRP0	0.32466716
Q9NRP2	0.44731197
Q9NRP4	0.38331354
Q9NRP7	0.675465
Q9NRQ2	0.77837455
Q9NRR1	0.45571023
Q9NRR5	0.43381616
Q9NRR8	0.20228694
Q9NRS4	0.45574093
Q9NRS6	0.9977962
Q9NRU3	0.20656624
Q9NRV9	0.64140457
Q9NRW1	0.85780865
Q9NRW3	0.5785148
Q9NRW4	0.4974719
Q9NRW7	0.23335983
Q9NRX1	0.9975495
Q9NRX2	0.999972
Q9NRX3	0.4275638
Q9NRX4	0.55417854
Q9NRX5	0.3232579
Q9NRY2	0.32429257
Q9NRY5	0.64986837
Q9NRY6	0.45515734
Q9NRZ5	0.7555455
Q9NRZ9	0.96819055
Q9NS00	0.96687704
Q9NS15	0.46568316
Q9NS18	0.76752955
Q9NS25	0.31330466
Q9NS28	0.7997802
Q9NS37	0.47364783
Q9NS56	0.3284068
Q9NS62	0.8789114
Q9NS66	0.4718674
Q9NS67	0.3179023
Q9NS68	0.56773645
Q9NS69	0.6858147
Q9NS73	0.9929726
Q9NS85	0.9910978
Q9NS86	0.464984
Q9NS91	0.9913406
Q9NS93	0.5625657
Q9NSA2	0.5037583
Q9NSA3	0.78147435
Q9NSC2	0.49884647
Q9NSC5	0.8283858
Q9NSD4	0.9985934
Q9NSD5	0.58574426
Q9NSD9	0.31536898
Q9NSE2	0.30623838
Q9NSE4	0.9740819
Q9NSG2	0.37571636
Q9NSI2	0.98204744
Q9NSI6	0.85640925
Q9NSI8	0.23992755
Q9NSK0	0.47870827
Q9NSP4	0.673095
Q9NST1	0.620722
Q9NSU2	0.48360363
Q9NSV4	0.16876075
Q9NSY0	0.3759812
Q9NSY1	0.9862699
Q9NSY2	0.46396184
Q9NT62	0.46701524
Q9NT68	0.9573525
Q9NTI2	0.24938312
Q9NTI5	0.57522726
Q9NTI7	0.48115322
Q9NTJ3	0.999595
Q9NTJ4	0.46872154
Q9NTJ5	0.36209303
Q9NTK1	0.9880215
Q9NTK5	0.44595805
Q9NTM9	0.42426845
Q9NTN9	0.5811478
Q9NTQ9	0.64518595
Q9NTU4	0.20897289
Q9NTU7	0.7075762
Q9NTW7	0.69608843
Q9NTX5	0.5112751
Q9NTX7	0.2733989
Q9NTX9	0.47143385
Q9NTZ6	0.8640811
Q9NU02	0.65934366
Q9NU19	0.6657967
Q9NU22	0.52464306
Q9NU23	0.31762254
Q9NU39	0.4419546
Q9NU53	0.85925674
Q9NUA8	0.40415668
Q9NUC0	0.8905916
Q9NUD5	0.68214834
Q9NUD7	0.6383194
Q9NUD9	0.24489406
Q9NUE0	0.08983245
Q9NUG4	0.18968719
Q9NUG6	0.38600752
Q9NUI1	0.49873647
Q9NUJ1	0.40570852
Q9NUJ3	0.32843417
Q9NUJ7	0.34585762
Q9NUK0	0.9073592
Q9NUL3	0.49594235
Q9NUL5	0.9284674
Q9NUL7	0.68157727
Q9NUM3	0.32561156
Q9NUM4	0.6649304
Q9NUP1	0.64284307
Q9NUP7	0.66063863
Q9NUQ3	0.76732945
Q9NUQ6	0.98317844
Q9NUQ7	0.50533974
Q9NUQ8	0.5422414
Q9NUQ9	0.55642426
Q9NUR3	0.51642334
Q9NUS5	0.38991037
Q9NUT2	0.99939775
Q9NUU6	0.35996503
Q9NUU7	0.43889678
Q9NUV7	0.18644413
Q9NUW8	0.8076405
Q9NUX5	0.5426656
Q9NUY8	0.9555428
Q9NUZ1	0.38190308
Q9NV06	0.67698133
Q9NV29	0.44517693
Q9NV31	0.4494214
Q9NV35	0.38082382
Q9NV56	0.52409834
Q9NV64	0.74421126
Q9NV66	0.9979911
Q9NV70	0.24465428
Q9NV72	0.6645078
Q9NV79	0.71116245
Q9NV88	0.7619879
Q9NV92	0.68084896
Q9NV96	0.44313127
Q9NVA1	0.838508
Q9NVA2	0.59344125
Q9NVA4	0.53103346
Q9NVC3	0.5029647
Q9NVC6	0.9999546
Q9NVD3	0.5663735
Q9NVD7	0.4310054
Q9NVE5	0.98464
Q9NVE7	0.16580145
Q9NVF7	0.5410253
Q9NVG8	0.7386454
Q9NVH0	0.8569191
Q9NVH1	0.37524974
Q9NVH2	0.990334
Q9NVH6	0.7535388
Q9NVI1	0.4629918
Q9NVI7	0.66295856
Q9NVK5	0.56842875
Q9NVL8	0.44215766
Q9NVM1	0.2641584
Q9NVM4	0.9471885
Q9NVM6	0.39389554
Q9NVN3	0.6721381
Q9NVN8	0.8438055
Q9NVP1	0.99855345
Q9NVP2	0.38289902
Q9NVP4	0.9926912
Q9NVQ4	0.12066985
Q9NVR2	0.19661857
Q9NVR5	0.7586907
Q9NVS9	0.32850975
Q9NVT9	0.3109902
Q9NVU0	0.84025544
Q9NVU7	0.9997732
Q9NVV2	0.19328426
Q9NVV4	0.98834395
Q9NVV5	0.5608381
Q9NVV9	0.45034263
Q9NVW2	0.42057243
Q9NVX0	0.3964563
Q9NVX2	0.39805138
Q9NVX7	0.9393302
Q9NVZ3	0.26816526
Q9NW07	0.41479215
Q9NW08	0.9936744
Q9NW13	0.8821034
Q9NW38	0.9400652
Q9NW61	0.33650884
Q9NW64	0.45335138
Q9NW68	0.9980161
Q9NW75	0.49479297
Q9NW81	0.34198767
Q9NW82	0.7902525
Q9NW97	0.1940056
Q9NWA0	0.48389822
Q9NWB1	0.73343
Q9NWB6	0.60231626
Q9NWB7	0.99304855
Q9NWC5	0.98235923
Q9NWD8	0.88432187
Q9NWD9	0.34284264
Q9NWF9	0.35670623
Q9NWH7	0.77920574
Q9NWH9	0.96801835
Q9NWK9	0.5191101
Q9NWL6	0.41575423
Q9NWM0	0.7742365
Q9NWM3	0.932591
Q9NWM8	0.39846408
Q9NWN3	0.53093386
Q9NWQ4	0.43571046
Q9NWQ8	0.9672755
Q9NWQ9	0.6589401
Q9NWR8	0.730231
Q9NWS0	0.31716284
Q9NWS1	0.30010614
Q9NWS6	0.30257142
Q9NWS8	0.48020825
Q9NWS9	0.5724989
Q9NWT1	0.5727227
Q9NWT6	0.2347435
Q9NWT8	0.9744095
Q9NWU1	0.23821263
Q9NWU2	0.58479434
Q9NWU5	0.36691833
Q9NWV4	0.59437555
Q9NWV8	0.94691133
Q9NWW0	0.3950223
Q9NWW5	0.5113877
Q9NWW6	0.61640745
Q9NWW7	0.47358644
Q9NWW9	0.74660796
Q9NWY4	0.60086536
Q9NWZ3	0.67172563
Q9NWZ5	0.87345505
Q9NWZ8	0.42631063
Q9NX01	0.34365547
Q9NX02	0.79368687
Q9NX04	0.9210604
Q9NX05	0.99982953
Q9NX07	0.2976975
Q9NX08	0.4339247
Q9NX09	0.6697148
Q9NX14	0.55052096
Q9NX18	0.37109143
Q9NX24	0.3972942
Q9NX31	0.9433526
Q9NX38	0.42212564
Q9NX40	0.42817673
Q9NX46	0.61666936
Q9NX47	0.23447011
Q9NX55	0.55864877
Q9NX57	0.8373488
Q9NX58	0.9999641
Q9NX61	0.80817753
Q9NX62	0.9950506
Q9NX63	0.49619752
Q9NX65	0.15418044
Q9NX70	0.29826027
Q9NX74	0.8268137
Q9NX78	0.67353183
Q9NX94	0.10184646
Q9NX95	0.99999785
Q9NXA8	0.23405328
Q9NXC2	0.5008234
Q9NXC5	0.93368053
Q9NXD2	0.9549359
Q9NXE4	0.50593746
Q9NXE8	0.9798814
Q9NXF7	0.42998102
Q9NXF8	0.4695939
Q9NXG0	0.41184893
Q9NXG2	0.4316689
Q9NXG6	0.9914206
Q9NXH8	0.39563397
Q9NXH9	0.3849684
Q9NXJ5	0.3984989
Q9NXK6	0.97401637
Q9NXK8	0.46162444
Q9NXL2	0.34152532
Q9NXL9	0.7373001
Q9NXN4	0.5720386
Q9NXP7	0.688742
Q9NXR5	0.25831637
Q9NXR7	0.5361147
Q9NXR8	0.22698553
Q9NXS2	0.4947518
Q9NXS3	0.54432505
Q9NXT0	0.8452314
Q9NXU5	0.8566215
Q9NXV6	0.17672949
Q9NXW2	0.41544327
Q9NXX6	0.8279994
Q9NXZ1	0.5230718
Q9NY12	0.5597839
Q9NY25	0.3159787
Q9NY26	0.3167807
Q9NY27	0.5603886
Q9NY28	0.8581232
Q9NY30	0.52433157
Q9NY33	0.605541
Q9NY35	0.9692258
Q9NY47	0.8940913
Q9NY57	0.35204414
Q9NY59	0.38793096
Q9NY64	0.9777956
Q9NY65	0.29216737
Q9NY72	0.5154276
Q9NY74	0.7108892
Q9NY87	0.3133047
Q9NY97	0.87267786
Q9NYA1	0.25987566
Q9NYB0	0.9992743
Q9NYB9	0.9861691
Q9NYD6	0.80467427
Q9NYF0	0.42326725
Q9NYF5	0.49938196
Q9NYF8	0.8447962
Q9NYG2	0.32741103
Q9NYG5	0.43283463
Q9NYH9	0.9855393
Q9NYI0	0.7395791
Q9NYJ1	0.7713603
Q9NYJ7	0.45548624
Q9NYJ8	0.40563053
Q9NYK6	0.34378594
Q9NYL2	0.4358398
Q9NYL4	0.47279993
Q9NYL9	0.88657224
Q9NYM9	0.9946695
Q9NYP3	0.74529475
Q9NYP7	0.575571
Q9NYP9	0.7829634
Q9NYQ6	0.4073388
Q9NYR9	0.5529998
Q9NYS0	0.20629029
Q9NYT0	1.0
Q9NYT6	0.9016313
Q9NYU2	0.5705961
Q9NYV4	0.50090754
Q9NYV6	0.9999963
Q9NYW8	0.29996258
Q9NYY3	0.9538547
Q9NYY8	0.46793827
Q9NYZ1	0.67169726
Q9NYZ3	0.6750041
Q9NYZ4	0.41742292
Q9NZ01	0.33611917
Q9NZ08	0.5003621
Q9NZ09	0.5504612
Q9NZ32	0.9998652
Q9NZ45	0.4374715
Q9NZ52	0.7952506
Q9NZ53	0.4916206
Q9NZ56	0.43387964
Q9NZ63	0.6776933
Q9NZ71	0.9991321
Q9NZ81	0.48774698
Q9NZ94	0.30730283
Q9NZA1	0.99967206
Q9NZB2	0.42412752
Q9NZB8	0.530281
Q9NZC3	0.94441056
Q9NZC4	0.46670288
Q9NZC7	0.44963172
Q9NZC9	0.5451567
Q9NZD2	0.29411718
Q9NZD8	0.60934997
Q9NZF1	0.4246269
Q9NZG7	0.13250642
Q9NZH0	0.7949563
Q9NZH5	0.43761587
Q9NZH6	0.9980153
Q9NZI5	0.99966705
Q9NZI6	0.9948813
Q9NZI7	0.37540025
Q9NZI8	0.68008494
Q9NZJ0	0.6709158
Q9NZJ6	0.3972061
Q9NZJ9	0.5487025
Q9NZL3	0.44092134
Q9NZL4	0.98676723
Q9NZL6	0.37143826
Q9NZM1	0.5723158
Q9NZM3	0.19542259
Q9NZM4	0.51019764
Q9NZM5	0.99862766
Q9NZM6	0.1677301
Q9NZN3	0.5513181
Q9NZN4	0.56145144
Q9NZN5	0.3826262
Q9NZN8	0.39611664
Q9NZN9	0.77900434
Q9NZP8	0.41262117
Q9NZQ0	0.6783849
Q9NZQ3	0.99887615
Q9NZQ7	0.16949977
Q9NZR1	0.95935917
Q9NZR2	0.93709403
Q9NZT1	0.327485
Q9NZT2	0.6879106
Q9NZU0	0.24950708
Q9NZU5	0.28103897
Q9NZV5	0.56815326
Q9NZV6	0.5068146
Q9NZV7	0.5291108
Q9NZZ3	0.24932674
Q9P000	0.42768604
Q9P013	0.4630521
Q9P016	0.95031047
Q9P021	0.987097
Q9P031	0.99987185
Q9P032	0.28182825
Q9P035	0.3215955
Q9P055	0.76841104
Q9P086	0.9894153
Q9P0B6	0.44346017
Q9P0I2	0.40579134
Q9P0J0	0.26677835
Q9P0J1	0.6574378
Q9P0J6	0.96914744
Q9P0J7	0.36156604
Q9P0K1	0.34769338
Q9P0K7	0.9208522
Q9P0K8	0.7347382
Q9P0L0	0.6451915
Q9P0L1	0.90636194
Q9P0M6	0.27725157
Q9P0N8	0.521588
Q9P0P0	0.47340277
Q9P0R6	0.8451712
Q9P0S2	0.7176291
Q9P0S3	0.31475404
Q9P0U3	0.8003334
Q9P0U4	0.33867696
Q9P0V9	0.42489696
Q9P0W2	0.7654994
Q9P0W8	0.49040586
Q9P104	0.37135157
Q9P107	0.85645336
Q9P109	0.19499852
Q9P1F3	0.6305521
Q9P1Q0	0.59368175
Q9P1T7	0.46664727
Q9P1U0	0.99005556
Q9P1V8	0.79045194
Q9P1W3	0.3474027
Q9P1W9	0.5959771
Q9P1Y5	0.5747409
Q9P1Z0	0.8434946
Q9P1Z2	0.75761783
Q9P203	0.30945584
Q9P206	0.56466985
Q9P209	0.38505933
Q9P212	0.7887191
Q9P215	0.6492899
Q9P217	0.6939707
Q9P219	0.80389696
Q9P225	0.3137809
Q9P227	0.732884
Q9P241	0.26609913
Q9P242	0.8179288
Q9P243	0.69445705
Q9P260	0.4299424
Q9P265	0.37893757
Q9P266	0.5590892
Q9P267	0.64514
Q9P270	0.52790767
Q9P272	0.38145226
Q9P273	0.24720949
Q9P275	0.9976082
Q9P281	0.66336954
Q9P283	0.4336601
Q9P286	0.6958453
Q9P287	0.6165797
Q9P289	0.46459118
Q9P291	0.5201275
Q9P2B4	0.99965084
Q9P2B7	0.99997556
Q9P2C4	0.99396026
Q9P2D0	0.39777774
Q9P2D1	0.48365125
Q9P2D3	0.8538148
Q9P2D6	0.42281967
Q9P2D8	0.56047034
Q9P2E2	0.99435496
Q9P2E3	0.51605254
Q9P2E5	0.78207934
Q9P2E7	0.53472143
Q9P2E9	0.58945155
Q9P2F5	0.24144873
Q9P2F6	0.5023743
Q9P2F8	0.83706445
Q9P2F9	0.28170145
Q9P2G1	0.4465619
Q9P2G3	0.4162652
Q9P2G4	0.65374005
Q9P2G9	0.6899264
Q9P2H0	0.49622157
Q9P2H5	0.9969273
Q9P2I0	0.9904128
Q9P2J3	0.3127005
Q9P2J5	0.87012327
Q9P2J8	0.8106178
Q9P2J9	0.49587744
Q9P2K2	0.9443993
Q9P2K3	0.99881774
Q9P2K5	0.6500315
Q9P2K8	0.6293059
Q9P2K9	0.1787037
Q9P2M4	0.7517489
Q9P2M7	0.47051528
Q9P2N2	0.292647
Q9P2N4	0.48371723
Q9P2N5	0.49037993
Q9P2N6	0.9668146
Q9P2N7	0.3127005
Q9P2P1	0.82912594
Q9P2P5	0.55622417
Q9P2P6	0.22039983
Q9P2Q2	0.42917135
Q9P2R3	0.9769433
Q9P2R7	0.510807
Q9P2S5	0.5376932
Q9P2S6	0.8026804
Q9P2T1	0.5153971
Q9P2W1	0.20347072
Q9P2W7	0.88350844
Q9P2W9	0.917037
Q9P2X3	0.40590766
Q9P2Y4	0.5569662
Q9P2Z0	0.56188214
Q9UBB4	0.288415
Q9UBB5	0.473541
Q9UBB6	0.54271823
Q9UBB9	0.490705
Q9UBC2	0.5832281
Q9UBC3	0.99555415
Q9UBD5	0.71673834
Q9UBD9	0.99511564
Q9UBE8	0.7817885
Q9UBF1	0.22851367
Q9UBF6	0.44777834
Q9UBI4	0.66144913
Q9UBI6	0.48697332
Q9UBK2	0.2990579
Q9UBK5	0.8563258
Q9UBK7	0.54659486
Q9UBK8	0.3518071
Q9UBK9	0.5126611
Q9UBL0	0.97946703
Q9UBL3	0.29000276
Q9UBM1	0.4747243
Q9UBM7	0.21603526
Q9UBN1	0.4556216
Q9UBN6	0.202694
Q9UBN7	0.508925
Q9UBP0	0.33848494
Q9UBP4	0.6335478
Q9UBP5	0.999092
Q9UBP6	0.7265126
Q9UBP9	0.7920811
Q9UBQ0	0.4658529
Q9UBQ5	0.39624196
Q9UBQ6	0.6138645
Q9UBQ7	0.4466633
Q9UBR2	0.9100729
Q9UBS0	0.47662708
Q9UBS3	0.50128186
Q9UBS4	0.83311546
Q9UBS5	0.3595836
Q9UBS8	0.42449522
Q9UBS9	0.65908074
Q9UBT2	0.4643694
Q9UBT6	0.87838864
Q9UBU2	0.44625962
Q9UBU6	0.8372329
Q9UBU7	0.9846852
Q9UBU8	0.60315704
Q9UBU9	0.4494732
Q9UBV8	0.5279325
Q9UBW7	0.35836858
Q9UBW8	0.5246236
Q9UBX0	0.4307676
Q9UBX1	0.48913103
Q9UBX2	0.99990916
Q9UBX3	0.60867906
Q9UBX5	0.3049991
Q9UBY0	0.6651931
Q9UBY5	0.5028716
Q9UBY9	0.74470174
Q9UBZ4	0.96137714
Q9UBZ9	0.3710839
Q9UC06	0.5046745
Q9UC07	0.23404774
Q9UDR5	0.9632856
Q9UDV6	0.48689833
Q9UDV7	0.41728815
Q9UDW3	0.64872265
Q9UDX3	0.37958622
Q9UDX5	0.42228186
Q9UDY2	0.905053
Q9UDY4	0.7414383
Q9UDY8	0.7215369
Q9UEE5	0.8683537
Q9UEE9	0.35992217
Q9UEG4	0.9845756
Q9UER7	0.9999894
Q9UET6	0.4047977
Q9UEU0	0.79933095
Q9UEW3	0.9233872
Q9UEW8	0.7561925
Q9UEY8	0.41956347
Q9UF12	0.39334476
Q9UF33	0.6789234
Q9UF47	0.9389818
Q9UF56	0.4736512
Q9UFB7	0.41926312
Q9UFC0	0.9900671
Q9UFD9	0.5400858
Q9UFG5	0.760776
Q9UFH2	0.52631015
Q9UFP1	0.5920769
Q9UFW8	0.48425287
Q9UG01	0.75803065
Q9UG56	0.57217366
Q9UG63	0.4486858
Q9UGC6	0.41998705
Q9UGH3	0.99999905
Q9UGI0	0.7738526
Q9UGI6	0.26650032
Q9UGI8	0.9992042
Q9UGJ0	0.535891
Q9UGJ1	0.43325514
Q9UGK8	0.7353628
Q9UGL1	0.56681734
Q9UGM3	0.6313123
Q9UGM6	0.9999982
Q9UGN5	0.65872383
Q9UGP4	0.9719791
Q9UGP5	0.58087116
Q9UGP8	0.19051549
Q9UGQ2	0.70920914
Q9UGR2	0.43052593
Q9UGT4	0.55812144
Q9UGU0	0.6896819
Q9UGY1	0.98199
Q9UH03	0.59542716
Q9UH17	0.35034713
Q9UH36	0.8998363
Q9UH62	0.48800564
Q9UH73	0.67584014
Q9UH92	0.502009
Q9UH99	0.81943727
Q9UHA2	0.99993753
Q9UHA3	0.9964741
Q9UHB4	0.4319921
Q9UHB6	0.645936
Q9UHB7	0.97823447
Q9UHB9	0.5297766
Q9UHC1	0.33876234
Q9UHC3	0.17227495
Q9UHC7	0.40123948
Q9UHD1	0.49178126
Q9UHD2	0.5764426
Q9UHD8	0.44017193
Q9UHD9	0.6381583
Q9UHE5	0.29743078
Q9UHF0	0.38831773
Q9UHF4	0.69341886
Q9UHF7	0.338256
Q9UHG0	0.42479256
Q9UHG2	0.9987463
Q9UHH9	0.6063136
Q9UHI6	0.7217471
Q9UHJ3	0.859386
Q9UHJ6	0.93302846
Q9UHJ9	0.66807485
Q9UHK0	0.92869526
Q9UHK6	0.34903866
Q9UHL4	0.9468902
Q9UHL9	0.85966986
Q9UHN1	0.99454087
Q9UHN6	0.91796327
Q9UHP3	0.57438916
Q9UHP6	0.5796902
Q9UHP7	0.5599758
Q9UHP9	0.48463643
Q9UHQ1	0.38340464
Q9UHQ4	0.4264972
Q9UHQ7	0.47567582
Q9UHQ9	0.66363287
Q9UHR4	0.54266083
Q9UHR5	0.3644295
Q9UHV2	0.49420902
Q9UHV5	0.5242339
Q9UHV7	0.19970292
Q9UHV9	0.8046038
Q9UHW5	0.6794227
Q9UHW9	0.91685396
Q9UHX1	0.48657244
Q9UHX3	0.5618106
Q9UHY1	0.1406557
Q9UHY7	0.44479823
Q9UHY8	0.7441105
Q9UI08	0.74428076
Q9UI09	0.8840302
Q9UI10	0.55033964
Q9UI12	0.409476
Q9UI14	0.8385539
Q9UI17	0.4783809
Q9UI26	0.9969118
Q9UI30	0.114777274
Q9UI36	0.6218123
Q9UI42	0.29889795
Q9UI95	0.48350495
Q9UIA9	0.49941894
Q9UIC8	0.39342913
Q9UID3	0.32842177
Q9UID6	0.4883225
Q9UIE0	0.38633698
Q9UIF3	0.43356174
Q9UIF7	0.50891215
Q9UIF8	0.34390754
Q9UIF9	0.64124346
Q9UIG0	0.97419083
Q9UIG5	0.4034895
Q9UII2	0.6547293
Q9UIJ7	0.39170054
Q9UIK5	0.12366281
Q9UIL1	0.5615898
Q9UIL8	0.1691437
Q9UIM3	0.22911356
Q9UIS9	0.80161214
Q9UIU6	0.33007818
Q9UIV1	0.910092
Q9UIV8	0.99998426
Q9UIW0	0.9970085
Q9UIW2	0.5603459
Q9UIX4	0.6464195
Q9UJ14	0.7712252
Q9UJ41	0.6164262
Q9UJ42	0.45036885
Q9UJ68	0.9704223
Q9UJ70	0.30686304
Q9UJ71	0.9562577
Q9UJ72	0.44114906
Q9UJ90	0.43562275
Q9UJA3	0.80432194
Q9UJA5	0.5808343
Q9UJC5	0.55891144
Q9UJD0	0.5580479
Q9UJF2	0.4898341
Q9UJG1	0.9768499
Q9UJH8	0.28326905
Q9UJJ7	0.64361686
Q9UJJ9	0.4380114
Q9UJK0	0.48784885
Q9UJL9	0.86419994
Q9UJM3	0.41243148
Q9UJP4	0.83353007
Q9UJQ1	0.4317863
Q9UJQ4	0.9291341
Q9UJS0	0.74107045
Q9UJT1	0.6704046
Q9UJU2	0.38706708
Q9UJU3	0.78051305
Q9UJU6	0.49957317
Q9UJV8	0.5021257
Q9UJV9	0.5819201
Q9UJW0	0.42605263
Q9UJW3	0.2711159
Q9UJW7	0.99603903
Q9UJW8	0.345588
Q9UJW9	0.93617404
Q9UJX0	0.4195873
Q9UJX3	0.40173522
Q9UJX4	0.46244448
Q9UJX5	0.25450888
Q9UJX6	0.4862306
Q9UJY1	0.51924765
Q9UJY4	0.74036044
Q9UJY5	0.7696938
Q9UJZ1	0.5420721
Q9UK00	0.6851881
Q9UK10	0.3651165
Q9UK11	0.37432817
Q9UK12	0.9968656
Q9UK13	0.99326974
Q9UK22	0.4917424
Q9UK28	0.45416272
Q9UK32	0.48563316
Q9UK33	0.50166905
Q9UK39	0.98159146
Q9UK45	0.43295613
Q9UK53	0.3125139
Q9UK55	0.42983004
Q9UK58	0.86781275
Q9UK59	0.54777426
Q9UK61	0.37498158
Q9UK73	0.4946374
Q9UK76	0.82609206
Q9UK80	0.30494857
Q9UK85	0.42647612
Q9UK96	0.26257047
Q9UK97	0.5270205
Q9UK99	0.21440199
Q9UKA2	0.9990019
Q9UKA4	0.48522764
Q9UKA8	0.89659303
Q9UKA9	0.41190046
Q9UKB1	0.9993718
Q9UKC9	0.57544774
Q9UKD1	0.5333543
Q9UKD2	0.9811443
Q9UKF7	0.47046688
Q9UKG1	0.36086428
Q9UKG9	0.67674667
Q9UKI2	0.50148165
Q9UKJ0	0.48495623
Q9UKJ3	0.99160695
Q9UKJ5	0.8295649
Q9UKK3	0.35971743
Q9UKK6	0.5550963
Q9UKK9	0.94377464
Q9UKL0	0.8223037
Q9UKL6	0.70742786
Q9UKM7	0.9997156
Q9UKM9	0.83494323
Q9UKN5	0.5614055
Q9UKN8	0.7233905
Q9UKP3	0.2614632
Q9UKP4	0.93389875
Q9UKQ2	0.38720974
Q9UKR5	0.26066566
Q9UKS6	0.40290788
Q9UKS7	0.7519683
Q9UKT4	0.33855888
Q9UKT5	0.8587448
Q9UKT7	0.8673122
Q9UKT8	0.50348055
Q9UKT9	0.39656135
Q9UKU9	0.2935913
Q9UKV0	0.5280203
Q9UKV3	0.6484262
Q9UKV8	0.49299213
Q9UKW6	0.48401985
Q9UKX7	0.7176803
Q9UKY7	0.95492744
Q9UKZ1	0.35769176
Q9UKZ9	0.4715647
Q9UL01	0.5092923
Q9UL03	0.9129424
Q9UL12	0.52778596
Q9UL15	0.99173915
Q9UL16	0.4838721
Q9UL26	0.89020836
Q9UL33	0.41116235
Q9UL40	0.591741
Q9UL46	0.4777017
Q9UL49	0.31772178
Q9UL54	0.4753265
Q9UL58	0.8298076
Q9UL63	0.999302
Q9UL68	0.97279906
Q9ULA0	0.22159854
Q9ULC3	0.70312995
Q9ULC4	0.36682343
Q9ULC5	0.60683477
Q9ULC6	0.37685004
Q9ULC8	0.31310475
Q9ULD0	0.99996054
Q9ULD2	0.950129
Q9ULD4	0.49716175
Q9ULD5	0.46307114
Q9ULD6	0.4130449
Q9ULD8	0.56854016
Q9ULD9	0.5679061
Q9ULE0	0.319112
Q9ULF5	0.5612414
Q9ULG1	0.7104777
Q9ULG3	0.27993333
Q9ULG6	0.4404967
Q9ULH0	0.36271578
Q9ULH1	0.645017
Q9ULH4	0.49511763
Q9ULH7	0.47928002
Q9ULI0	0.4684488
Q9ULI2	0.56627786
Q9ULI3	0.7532123
Q9ULI4	0.92134523
Q9ULJ1	0.34285557
Q9ULJ3	0.4482593
Q9ULJ6	0.6612794
Q9ULJ7	0.27016887
Q9ULJ8	0.19408569
Q9ULK2	0.7698132
Q9ULK4	0.82877576
Q9ULL1	0.61873364
Q9ULL5	0.38933432
Q9ULM0	0.91125304
Q9ULM3	0.30877733
Q9ULM6	0.31963584
Q9ULP0	0.99699545
Q9ULP9	0.5380181
Q9ULQ0	0.42915154
Q9ULR0	0.7472355
Q9ULR3	0.73172134
Q9ULR5	0.12803417
Q9ULS5	0.90773296
Q9ULT6	0.6565043
Q9ULT8	0.86782
Q9ULU4	0.602299
Q9ULU8	0.9105122
Q9ULV0	0.39882585
Q9ULV1	0.17776856
Q9ULV3	0.6942083
Q9ULV5	0.92679995
Q9ULV8	0.3907399
Q9ULW0	0.8760155
Q9ULW2	0.39305174
Q9ULW3	0.92948514
Q9ULW5	0.5103089
Q9ULW6	0.41808525
Q9ULW8	0.47769722
Q9ULX3	0.43152305
Q9ULX5	0.77548605
Q9ULX6	0.990045
Q9ULX7	0.6270285
Q9ULX9	0.40937254
Q9ULY5	0.43331593
Q9ULZ2	0.99940145
Q9ULZ3	0.41457838
Q9UM00	0.27727342
Q9UM11	0.64833796
Q9UM13	0.60042214
Q9UM19	0.3463187
Q9UM21	0.5228334
Q9UM47	0.26043817
Q9UM63	0.93436503
Q9UM73	0.6161477
Q9UM82	0.9999831
Q9UMD9	0.6693895
Q9UMN6	0.5548619
Q9UMQ3	0.19522898
Q9UMR2	0.43889678
Q9UMS0	0.45549405
Q9UMS4	0.9719925
Q9UMS5	0.9623315
Q9UMS6	0.5821979
Q9UMW8	0.5089823
Q9UMX0	0.76212746
Q9UMX1	0.7079838
Q9UMX2	0.49363604
Q9UMX5	0.6008134
Q9UMY1	0.9998061
Q9UMZ2	0.30322915
Q9UMZ3	0.5275727
Q9UN30	0.8658509
Q9UN36	0.937726
Q9UN70	0.73595655
Q9UN71	0.73595655
Q9UN73	0.4351465
Q9UN74	0.3435197
Q9UN75	0.35289592
Q9UN76	0.8688491
Q9UN79	0.5133232
Q9UN86	0.76713914
Q9UNA0	0.39126608
Q9UNA1	0.41146073
Q9UNA4	0.9937137
Q9UND3	0.43900833
Q9UNE7	0.22119616
Q9UNF0	0.97608304
Q9UNF1	0.99932384
Q9UNH5	0.54919136
Q9UNH6	0.6925519
Q9UNH7	0.9931698
Q9UNI6	0.6703969
Q9UNK0	0.9944564
Q9UNK9	0.46622917
Q9UNL2	0.63706267
Q9UNL4	0.2933421
Q9UNM6	0.68108433
Q9UNN5	0.60641503
Q9UNP4	0.9995832
Q9UNP9	0.3287262
Q9UNQ0	0.7516969
Q9UNQ2	0.54922163
Q9UNS1	0.24898542
Q9UNS2	0.40312684
Q9UNT1	0.54659486
Q9UNW9	0.97243685
Q9UNX3	0.45390993
Q9UNX4	0.99999464
Q9UNX9	0.93146604
Q9UNY4	0.2740199
Q9UNY5	0.96305335
Q9UNZ2	0.31907156
Q9UNZ5	0.9972402
Q9UP38	0.20248815
Q9UP65	0.1670505
Q9UP83	0.9712867
Q9UP95	0.39073032
Q9UPC5	0.6998491
Q9UPG8	0.5222978
Q9UPM6	0.3283821
Q9UPN3	0.59468544
Q9UPN4	0.6695602
Q9UPN6	0.40833795
Q9UPN7	0.49848387
Q9UPN9	0.9527249
Q9UPP1	0.45013312
Q9UPQ0	0.31475875
Q9UPQ4	0.44369483
Q9UPQ7	0.5368743
Q9UPQ8	0.5273239
Q9UPR3	0.9691242
Q9UPR6	0.6576981
Q9UPS6	0.32463187
Q9UPS8	0.9226263
Q9UPT5	0.895415
Q9UPT8	0.41115686
Q9UPT9	0.6409134
Q9UPU5	0.38354558
Q9UPU7	0.4802331
Q9UPU9	0.5534712
Q9UPV0	0.94421816
Q9UPV9	0.41327548
Q9UPW0	0.5275454
Q9UPW5	0.66892517
Q9UPW6	0.2122261
Q9UPW8	0.3325595
Q9UPX0	0.16243349
Q9UPX6	0.8510109
Q9UPY3	0.15901019
Q9UPY5	0.9989563
Q9UPY8	0.3362768
Q9UQ03	0.5871148
Q9UQ07	0.5021899
Q9UQ10	0.4432982
Q9UQ13	0.62862486
Q9UQ16	0.67357546
Q9UQ26	0.70310915
Q9UQ35	0.99376935
Q9UQ49	0.9999478
Q9UQ80	0.48822764
Q9UQ84	0.87245464
Q9UQ88	0.86756647
Q9UQB3	0.39688534
Q9UQB8	0.3976194
Q9UQC2	0.26626933
Q9UQC9	0.54901224
Q9UQE7	0.4088448
Q9UQF2	0.6182738
Q9UQL6	0.8276317
Q9UQM7	0.33013982
Q9UQN3	0.1626864
Q9UQQ1	0.69420695
Q9UQQ2	0.7033643
Q9UQR0	0.49116173
Q9UQR1	0.45590478
Q9UQV4	0.8969101
Q9XRX5	0.99999714
Q9Y210	0.23070654
Q9Y215	0.3322705
Q9Y219	0.99954456
Q9Y221	0.98649824
Q9Y222	0.3706482
Q9Y223	0.3958385
Q9Y224	0.36620244
Q9Y225	0.6040724
Q9Y227	0.9697814
Q9Y228	0.999877
Q9Y230	0.49068117
Q9Y231	0.4747696
Q9Y232	0.9986142
Q9Y236	0.45335916
Q9Y237	0.9996791
Q9Y238	0.84233195
Q9Y239	0.3404168
Q9Y241	0.4317159
Q9Y243	0.16970137
Q9Y244	0.9996892
Q9Y247	0.41902924
Q9Y248	0.25583914
Q9Y250	0.51621836
Q9Y251	0.8696986
Q9Y252	0.99316794
Q9Y253	0.7294095
Q9Y255	0.9729636
Q9Y257	0.31431994
Q9Y259	0.2431767
Q9Y261	0.5028007
Q9Y262	0.5053948
Q9Y263	0.28342095
Q9Y265	0.45908546
Q9Y266	0.5054961
Q9Y272	0.45276123
Q9Y277	0.50354254
Q9Y279	0.5023938
Q9Y281	0.45459664
Q9Y282	0.90689135
Q9Y283	0.3426724
Q9Y284	0.12891275
Q9Y285	0.21887338
Q9Y287	0.90871686
Q9Y289	0.52184886
Q9Y294	0.77029353
Q9Y295	0.99884003
Q9Y296	0.8538644
Q9Y297	0.522695
Q9Y2A4	0.46904346
Q9Y2A7	0.25292885
Q9Y2B0	0.31936443
Q9Y2B1	0.56538296
Q9Y2B2	0.4798262
Q9Y2B5	0.6776833
Q9Y2B9	0.5598121
Q9Y2C9	0.41239527
Q9Y2D0	0.75510204
Q9Y2D1	0.49401802
Q9Y2D4	0.9734813
Q9Y2D8	0.42067924
Q9Y2D9	0.40729696
Q9Y2E4	0.99999523
Q9Y2E6	0.9878516
Q9Y2F5	0.9393398
Q9Y2F9	0.99481875
Q9Y2G1	0.58647865
Q9Y2G2	0.5012038
Q9Y2G3	0.40084124
Q9Y2G4	0.9985043
Q9Y2G7	0.25963953
Q9Y2G8	0.29425493
Q9Y2H0	0.48856202
Q9Y2H1	0.79390657
Q9Y2H5	0.7003184
Q9Y2H6	0.5415111
Q9Y2H8	0.9242751
Q9Y2H9	0.9312158
Q9Y2I2	0.26350173
Q9Y2I6	0.50061274
Q9Y2I7	0.9938281
Q9Y2I8	0.88500553
Q9Y2I9	0.48827782
Q9Y2J2	0.48064893
Q9Y2J4	0.43464893
Q9Y2K1	0.9442355
Q9Y2K2	0.52739245
Q9Y2K3	0.52081144
Q9Y2K5	0.40512246
Q9Y2K6	0.9285502
Q9Y2K7	0.48313865
Q9Y2L1	0.47654226
Q9Y2L5	0.2613706
Q9Y2L8	0.3781662
Q9Y2L9	0.5607914
Q9Y2M0	0.40680513
Q9Y2M5	0.3833248
Q9Y2N7	0.37874055
Q9Y2P0	0.20328036
Q9Y2P4	0.9710118
Q9Y2P7	0.5036636
Q9Y2P8	0.5146995
Q9Y2Q0	0.47078648
Q9Y2Q3	0.9319201
Q9Y2Q5	0.8698618
Q9Y2Q9	0.6336915
Q9Y2R0	0.57870835
Q9Y2R2	0.9353857
Q9Y2R4	0.976163
Q9Y2R9	0.42056897
Q9Y2S2	0.6554409
Q9Y2S6	0.9997924
Q9Y2S7	0.48249757
Q9Y2T1	0.7200019
Q9Y2T3	0.41359642
Q9Y2T7	0.99982494
Q9Y2U2	0.39581198
Q9Y2U5	0.4061741
Q9Y2U8	0.80305684
Q9Y2U9	0.5783227
Q9Y2V0	0.46545237
Q9Y2V7	0.4983822
Q9Y2W1	0.7453814
Q9Y2W2	0.8596488
Q9Y2W6	0.752613
Q9Y2X0	0.44189698
Q9Y2X3	0.99999917
Q9Y2X7	0.47764882
Q9Y2X8	0.5428054
Q9Y2X9	0.64968
Q9Y2Y1	0.78566486
Q9Y2Y6	0.37784842
Q9Y2Z0	0.6291009
Q9Y2Z2	0.2700531
Q9Y2Z4	0.98475224
Q9Y303	0.4247164
Q9Y305	0.5806666
Q9Y312	0.19431746
Q9Y314	0.55709267
Q9Y315	0.3908512
Q9Y316	0.99507517
Q9Y320	0.16907707
Q9Y324	0.59263504
Q9Y328	0.5322693
Q9Y333	0.54250556
Q9Y334	0.48859274
Q9Y343	0.37847692
Q9Y366	0.16906038
Q9Y371	0.81985635
Q9Y375	0.53788865
Q9Y376	0.9985833
Q9Y383	0.31111237
Q9Y388	0.9955277
Q9Y394	0.4333992
Q9Y397	0.4236105
Q9Y399	0.4719595
Q9Y3A0	0.43835855
Q9Y3A2	0.6908487
Q9Y3A4	0.73423135
Q9Y3A5	0.27620438
Q9Y3B1	0.22210003
Q9Y3B2	0.98471284
Q9Y3B4	0.54858595
Q9Y3B6	0.7634643
Q9Y3B7	0.30929452
Q9Y3B8	0.67582166
Q9Y3B9	0.99989104
Q9Y3C0	0.9432848
Q9Y3C1	0.9999616
Q9Y3C4	0.41071108
Q9Y3C6	0.648951
Q9Y3C7	0.6836095
Q9Y3C8	0.99919814
Q9Y3D0	0.19946747
Q9Y3D3	0.49937695
Q9Y3D6	0.45485023
Q9Y3D7	0.40340355
Q9Y3D8	0.89712256
Q9Y3D9	0.86607486
Q9Y3E0	0.60252666
Q9Y3E1	0.37772754
Q9Y3E5	0.42330125
Q9Y3F4	0.6064331
Q9Y3I0	0.4945094
Q9Y3I1	0.40757713
Q9Y3L3	0.33710754
Q9Y3M8	0.4515175
Q9Y3M9	0.9758882
Q9Y3P4	0.8554296
Q9Y3P9	0.5234563
Q9Y3Q0	0.51031566
Q9Y3Q3	0.4319524
Q9Y3Q8	0.2590117
Q9Y3R5	0.5251559
Q9Y3S1	0.19662313
Q9Y3S2	0.3853943
Q9Y3T6	0.6735003
Q9Y3T9	0.99556667
Q9Y3U8	0.1587495
Q9Y3X0	0.42735636
Q9Y3Y2	0.9845574
Q9Y3Y4	0.47440374
Q9Y3Z3	0.34741095
Q9Y421	0.9999627
Q9Y426	0.41125757
Q9Y446	0.33775824
Q9Y448	0.73134655
Q9Y450	0.76031286
Q9Y462	0.27884963
Q9Y463	0.42298114
Q9Y466	0.99858046
Q9Y467	0.9997780000000001
Q9Y468	0.5456659
Q9Y473	0.5844242
Q9Y478	0.76270235
Q9Y483	0.609966
Q9Y484	0.9979127
Q9Y485	0.9844769
Q9Y487	0.3251955
Q9Y490	0.64909273
Q9Y496	0.4753235
Q9Y4A0	0.43378678
Q9Y4A5	0.3970155
Q9Y4A8	0.89163053
Q9Y4B4	0.60118854
Q9Y4B6	0.99696857
Q9Y4C1	0.3643064
Q9Y4C4	0.42875838
Q9Y4C5	0.17416194
Q9Y4C8	0.9974262
Q9Y4D1	0.49428746
Q9Y4D8	0.9973999
Q9Y4E1	0.99999
Q9Y4E5	0.39238238
Q9Y4E6	0.26160008
Q9Y4E8	0.7678688
Q9Y4F1	0.3670811
Q9Y4F3	0.85991365
Q9Y4F4	0.5257337
Q9Y4F5	0.382834
Q9Y4G2	0.50018436
Q9Y4G6	0.82623005
Q9Y4G8	0.9882831
Q9Y4H2	0.3932374
Q9Y4I1	0.80036163
Q9Y4I5	0.98372483
Q9Y4J8	0.6943577
Q9Y4K0	0.49759838
Q9Y4K1	0.59256154
Q9Y4K3	0.6734535
Q9Y4L5	0.80257493
Q9Y4P1	0.10539625
Q9Y4P3	0.90275633
Q9Y4P8	0.48476887
Q9Y4R8	0.7635921
Q9Y4U1	0.45300177
Q9Y4W2	0.8249976
Q9Y4W6	0.7615598
Q9Y4X4	0.38329318
Q9Y4X5	0.8470736
Q9Y4Z0	0.98747325
Q9Y508	0.54554576
Q9Y512	0.36543697
Q9Y519	0.467436
Q9Y520	0.99024373
Q9Y530	0.7756109
Q9Y534	0.4447386
Q9Y535	0.48597068
Q9Y546	0.46483228
Q9Y547	0.2666972
Q9Y548	0.44754294
Q9Y566	0.75490683
Q9Y570	0.8911637
Q9Y576	0.3906586
Q9Y577	0.9907013
Q9Y580	0.9628355
Q9Y586	0.5904881
Q9Y587	0.5179036
Q9Y592	0.6340103
Q9Y597	0.24200618
Q9Y5A6	0.44543537
Q9Y5A7	0.95225656
Q9Y5A9	0.96776843
Q9Y5B0	0.4446707
Q9Y5B6	0.22194038
Q9Y5B8	0.48481822
Q9Y5B9	0.6090552
Q9Y5E3	0.34795815
Q9Y5E5	0.40046892
Q9Y5E6	0.9972007
Q9Y5E7	0.54409623
Q9Y5E8	0.43172178
Q9Y5E9	0.8263776
Q9Y5F1	0.25755584
Q9Y5F2	0.25755584
Q9Y5F6	0.73595655
Q9Y5F7	0.73595655
Q9Y5F8	0.73595655
Q9Y5F9	0.73595655
Q9Y5G0	0.73595655
Q9Y5G1	0.73595655
Q9Y5G2	0.993658
Q9Y5G3	0.73595655
Q9Y5G4	0.73595655
Q9Y5G5	0.73595655
Q9Y5G6	0.73595655
Q9Y5G7	0.73595655
Q9Y5G8	0.73595655
Q9Y5G9	0.73595655
Q9Y5H0	0.73595655
Q9Y5H1	0.78564537
Q9Y5H2	0.73595655
Q9Y5H3	0.73595655
Q9Y5H4	0.73595655
Q9Y5I1	0.80636775
Q9Y5I3	0.43780544
Q9Y5I4	0.3281293
Q9Y5J1	1.0
Q9Y5J3	0.6219688
Q9Y5J7	0.8063817
Q9Y5K5	0.7800789
Q9Y5K6	0.9964845
Q9Y5K8	0.2997681
Q9Y5L0	0.99517894
Q9Y5L2	0.9909724
Q9Y5L4	0.6497263
Q9Y5M8	0.6803436
Q9Y5N5	0.4450494
Q9Y5N6	0.6034745
Q9Y5P2	0.7223532
Q9Y5P3	0.44645685
Q9Y5P4	0.966739
Q9Y5P6	0.3138852
Q9Y5P8	0.44680575
Q9Y5Q0	0.957818
Q9Y5Q3	0.5188696
Q9Y5Q5	0.45753726
Q9Y5Q8	0.2549373
Q9Y5Q9	0.78094375
Q9Y5R2	0.38727012
Q9Y5S1	0.3258397
Q9Y5S9	0.91921496
Q9Y5T5	0.18820262
Q9Y5U2	0.5640481
Q9Y5U8	0.4969079
Q9Y5U9	0.59778357
Q9Y5V0	0.38516894
Q9Y5V3	0.3742879
Q9Y5W3	0.44747233
Q9Y5W7	0.36360306
Q9Y5W9	0.85620916
Q9Y5X0	0.38546792
Q9Y5X1	0.383257
Q9Y5X2	0.9883033
Q9Y5X5	0.44305646
Q9Y5Y0	0.21022451
Q9Y5Y2	0.22170553
Q9Y5Y6	0.47892332
Q9Y5Z7	0.48903766
Q9Y5Z9	0.9589351
Q9Y603	0.31936246
Q9Y605	0.34147906
Q9Y606	0.22726223
Q9Y608	0.43624347
Q9Y613	0.39518303
Q9Y616	0.9641596
Q9Y617	0.86226314
Q9Y618	0.79009306
Q9Y624	0.29025492
Q9Y625	0.9510305
Q9Y639	0.47324008
Q9Y644	0.5059111
Q9Y646	0.94175214
Q9Y651	0.18060064
Q9Y657	0.2695598
Q9Y662	0.53169554
Q9Y663	0.63198346
Q9Y664	0.44230425
Q9Y666	0.23570444
Q9Y672	0.32764697
Q9Y673	0.93014544
Q9Y675	0.950122
Q9Y678	0.904565
Q9Y679	0.99890995
Q9Y680	0.57738817
Q9Y692	0.41964296
Q9Y693	0.9981458
Q9Y696	0.21699741
Q9Y697	0.21461971
Q9Y6A1	0.8083381
Q9Y6A4	0.35350743
Q9Y6A5	0.9348906
Q9Y6A9	0.98867327
Q9Y6B2	0.72529143
Q9Y6B6	0.46028128
Q9Y6B7	0.64741004
Q9Y6C9	0.45789745
Q9Y6D0	0.40729433
Q9Y6D5	0.47479695
Q9Y6D6	0.9458427
Q9Y6D9	0.207636
Q9Y6E0	0.28255442
Q9Y6E2	0.41790047
Q9Y6F6	0.96490246
Q9Y6G1	0.4044009
Q9Y6G5	0.21864155
Q9Y6G9	0.70998055
Q9Y6H1	0.74715424
Q9Y6H3	0.997959
Q9Y6H5	0.93908745
Q9Y6I3	0.526485
Q9Y6I4	0.9453173
Q9Y6I7	0.5075612
Q9Y6I8	0.9169947
Q9Y6I9	0.52852744
Q9Y6J0	0.41170314
Q9Y6J8	0.9999721
Q9Y6J9	0.54313135
Q9Y6K1	0.2681211
Q9Y6K5	0.6788745
Q9Y6K8	0.73710907
Q9Y6K9	0.5384147
Q9Y6M0	0.63740075
Q9Y6M1	0.52191406
Q9Y6M5	0.9969367
Q9Y6M7	0.32307974
Q9Y6M9	0.35910007
Q9Y6N5	0.52105194
Q9Y6N7	0.5589224
Q9Y6N9	0.424243
Q9Y6P5	0.9755951
Q9Y6Q1	0.3716663
Q9Y6Q3	0.91005605
Q9Y6Q5	0.99948907
Q9Y6Q6	0.34350365
Q9Y6Q9	0.51972437
Q9Y6R4	0.32018036
Q9Y6R6	0.41966525
Q9Y6R9	0.27335083
Q9Y6S9	0.26220566
Q9Y6U3	0.37335888
Q9Y6U7	0.259626
Q9Y6V0	0.98907244
Q9Y6V7	0.7928366
Q9Y6W5	0.48114902
Q9Y6W6	0.5048169
Q9Y6X0	0.93814224
Q9Y6X1	0.83981943
Q9Y6X2	0.40221468
Q9Y6X3	0.7408546
Q9Y6X4	0.49150395
Q9Y6X6	0.6097541
Q9Y6X8	0.8064749
Q9Y6X9	0.5021939
Q9Y6Y0	0.43078104
Q9Y6Y1	0.35546738
Q9Y6Y8	0.9817578
Q9Y6Y9	0.92146164
